,path_frame,position_face,Angry,Disgust,Fear,Happy,Sad,Surprise,Neutral,high_emotion
0,/Users/federicoimpellizzeri/PycharmProjects/Project_Intelligent_Interfaces/1_FER_Experiments/examples/FER_WithoutFace/frames/frame_1.jpg,"[0, 0, 0, 0]",0.000,0.000,0.000,0.000,0.000,0.000,0.000,face_not_detected
1,/Users/federicoimpellizzeri/PycharmProjects/Project_Intelligent_Interfaces/1_FER_Experiments/examples/FER_WithoutFace/frames/frame_2.jpg,"[0, 0, 0, 0]",0.000,0.000,0.000,0.000,0.000,0.000,0.000,face_not_detected
2,/Users/federicoimpellizzeri/PycharmProjects/Project_Intelligent_Interfaces/1_FER_Experiments/examples/FER_WithoutFace/frames/frame_3.jpg,"[0, 0, 0, 0]",0.000,0.000,0.000,0.000,0.000,0.000,0.000,face_not_detected
3,/Users/federicoimpellizzeri/PycharmProjects/Project_Intelligent_Interfaces/1_FER_Experiments/examples/FER_WithoutFace/frames/frame_4.jpg,"[0, 0, 0, 0]",0.000,0.000,0.000,0.000,0.000,0.000,0.000,face_not_detected
4,/Users/federicoimpellizzeri/PycharmProjects/Project_Intelligent_Interfaces/1_FER_Experiments/examples/FER_WithoutFace/frames/frame_5.jpg,"[231, 744, 435, 540]",0.000,0.000,0.028,0.000,0.955,0.000,0.000,Sad
5,/Users/federicoimpellizzeri/PycharmProjects/Project_Intelligent_Interfaces/1_FER_Experiments/examples/FER_WithoutFace/frames/frame_6.jpg,"[210, 847, 414, 643]",0.000,0.000,0.000,0.000,0.992,0.000,0.000,Sad
6,/Users/federicoimpellizzeri/PycharmProjects/Project_Intelligent_Interfaces/1_FER_Experiments/examples/FER_WithoutFace/frames/frame_7.jpg,"[0, 1019, 416, 512]",0.324,0.000,0.000,0.000,0.663,0.000,0.000,Sad
7,/Users/federicoimpellizzeri/PycharmProjects/Project_Intelligent_Interfaces/1_FER_Experiments/examples/FER_WithoutFace/frames/frame_8.jpg,"[0, 0, 0, 0]",0.000,0.000,0.000,0.000,0.000,0.000,0.000,face_not_detected
8,/Users/federicoimpellizzeri/PycharmProjects/Project_Intelligent_Interfaces/1_FER_Experiments/examples/FER_WithoutFace/frames/frame_9.jpg,"[0, 0, 0, 0]",0.000,0.000,0.000,0.000,0.000,0.000,0.000,face_not_detected
9,/Users/federicoimpellizzeri/PycharmProjects/Project_Intelligent_Interfaces/1_FER_Experiments/examples/FER_WithoutFace/frames/frame_10.jpg,"[0, 0, 0, 0]",0.000,0.000,0.000,0.000,0.000,0.000,0.000,face_not_detected
10,/Users/federicoimpellizzeri/PycharmProjects/Project_Intelligent_Interfaces/1_FER_Experiments/examples/FER_WithoutFace/frames/frame_11.jpg,"[0, 0, 0, 0]",0.000,0.000,0.000,0.000,0.000,0.000,0.000,face_not_detected
11,/Users/federicoimpellizzeri/PycharmProjects/Project_Intelligent_Interfaces/1_FER_Experiments/examples/FER_WithoutFace/frames/frame_12.jpg,"[0, 0, 0, 0]",0.000,0.000,0.000,0.000,0.000,0.000,0.000,face_not_detected
12,/Users/federicoimpellizzeri/PycharmProjects/Project_Intelligent_Interfaces/1_FER_Experiments/examples/FER_WithoutFace/frames/frame_13.jpg,"[0, 0, 0, 0]",0.000,0.000,0.000,0.000,0.000,0.000,0.000,face_not_detected
13,/Users/federicoimpellizzeri/PycharmProjects/Project_Intelligent_Interfaces/1_FER_Experiments/examples/FER_WithoutFace/frames/frame_14.jpg,"[0, 0, 0, 0]",0.000,0.000,0.000,0.000,0.000,0.000,0.000,face_not_detected
14,/Users/federicoimpellizzeri/PycharmProjects/Project_Intelligent_Interfaces/1_FER_Experiments/examples/FER_WithoutFace/frames/frame_15.jpg,"[0, 0, 0, 0]",0.000,0.000,0.000,0.000,0.000,0.000,0.000,face_not_detected
15,/Users/federicoimpellizzeri/PycharmProjects/Project_Intelligent_Interfaces/1_FER_Experiments/examples/FER_WithoutFace/frames/frame_16.jpg,"[0, 0, 0, 0]",0.000,0.000,0.000,0.000,0.000,0.000,0.000,face_not_detected
16,/Users/federicoimpellizzeri/PycharmProjects/Project_Intelligent_Interfaces/1_FER_Experiments/examples/FER_WithoutFace/frames/frame_17.jpg,"[177, 594, 347, 424]",0.000,0.000,0.000,0.000,0.483,0.000,0.510,Neutral
17,/Users/federicoimpellizzeri/PycharmProjects/Project_Intelligent_Interfaces/1_FER_Experiments/examples/FER_WithoutFace/frames/frame_18.jpg,"[86, 888, 290, 684]",0.991,0.000,0.000,0.000,0.000,0.000,0.000,Angry
18,/Users/federicoimpellizzeri/PycharmProjects/Project_Intelligent_Interfaces/1_FER_Experiments/examples/FER_WithoutFace/frames/frame_19.jpg,"[125, 525, 295, 355]",0.000,0.000,0.000,0.994,0.000,0.000,0.000,Happy
