Unnamed: 0,pathfile,Model,Data_window,Epochs,Batch_size,Learning_rate,Binary,Tackle_Unbalanced,Accuracy,Loss,Not Engaged Precision,Not Engaged Recall,Engaged Precision,Engaged Recall
0,FER_Daisee_Results/FER_Daisee_Results_Window_3/LSTM_with_return_sequences_Window_3_Binary_No_sampling_32_1e-03,LSTM_with_return_sequences,3,6,32,0.001,Binary,No_sampling,99.24,0.057306498289108276,0.0,0.0,0.9924249296924612,1.0
1,FER_Daisee_Results/FER_Daisee_Results_Window_3/Convolutional_Network_Window_3_Binary_No_sampling_32_1e-03,Convolutional_Network,3,9,32,0.001,Binary,No_sampling,99.24,0.0451180711388588,0.0,0.0,0.9924249296924612,1.0
2,FER_Daisee_Results/FER_Daisee_Results_Window_3/LSTM_Window_3_Binary_No_sampling_32_1e-03,LSTM,3,7,32,0.001,Binary,No_sampling,99.24,0.04530292004346848,0.0,0.0,0.9924249296924612,1.0
3,FER_Daisee_Results/FER_Daisee_Results_Window_3/LSTM_with_return_sequences2_Window_3_Binary_No_sampling_32_1e-03,LSTM_with_return_sequences2,3,14,32,0.001,Binary,No_sampling,99.24,0.04734369739890098,0.0,0.0,0.9924249296924612,1.0
4,FER_Daisee_Results/FER_Daisee_Results_Window_3/LSTM_with_return_sequences3_Window_3_Binary_No_sampling_32_1e-03,LSTM_with_return_sequences3,3,16,32,0.001,Binary,No_sampling,99.24,0.044213272631168365,0.0,0.0,0.9924249296924612,1.0
5,FER_Daisee_Results/FER_Daisee_Results_Window_3/LSTM_with_return_sequences4_Window_3_Binary_No_sampling_32_1e-03,LSTM_with_return_sequences4,3,9,32,0.001,Binary,No_sampling,99.24,0.04494815692305565,0.0,0.0,0.9924249296924612,1.0
6,FER_Daisee_Results/FER_Daisee_Results_Window_3/LSTM_with_return_sequences_Window_3_Binary_No_sampling_64_1e-03,LSTM_with_return_sequences,3,7,64,0.001,Binary,No_sampling,99.24,0.04910150170326233,0.0,0.0,0.9924249296924612,1.0
7,FER_Daisee_Results/FER_Daisee_Results_Window_3/Convolutional_Network_Window_3_Binary_No_sampling_64_1e-03,Convolutional_Network,3,19,64,0.001,Binary,No_sampling,99.24,0.04439868405461311,0.0,0.0,0.9924249296924612,1.0
8,FER_Daisee_Results/FER_Daisee_Results_Window_3/LSTM_Window_3_Binary_No_sampling_64_1e-03,LSTM,3,7,64,0.001,Binary,No_sampling,99.24,0.04734846577048302,0.0,0.0,0.9924249296924612,1.0
9,FER_Daisee_Results/FER_Daisee_Results_Window_3/LSTM_with_return_sequences2_Window_3_Binary_No_sampling_64_1e-03,LSTM_with_return_sequences2,3,9,64,0.001,Binary,No_sampling,99.24,0.044893965125083916,0.0,0.0,0.9924249296924612,1.0
10,FER_Daisee_Results/FER_Daisee_Results_Window_3/LSTM_with_return_sequences3_Window_3_Binary_No_sampling_64_1e-03,LSTM_with_return_sequences3,3,13,64,0.001,Binary,No_sampling,99.24,0.04423846304416657,0.0,0.0,0.9924249296924612,1.0
11,FER_Daisee_Results/FER_Daisee_Results_Window_3/LSTM_with_return_sequences4_Window_3_Binary_No_sampling_64_1e-03,LSTM_with_return_sequences4,3,7,64,0.001,Binary,No_sampling,99.24,0.04476380720734596,0.0,0.0,0.9924249296924612,1.0
12,FER_Daisee_Results/FER_Daisee_Results_Window_3/LSTM_with_return_sequences_Window_3_Binary_No_sampling_128_1e-03,LSTM_with_return_sequences,3,12,128,0.001,Binary,No_sampling,99.24,0.044555116444826126,0.0,0.0,0.9924249296924612,1.0
13,FER_Daisee_Results/FER_Daisee_Results_Window_3/Convolutional_Network_Window_3_Binary_No_sampling_128_1e-03,Convolutional_Network,3,11,128,0.001,Binary,No_sampling,99.24,0.04840970039367677,0.0,0.0,0.9924249296924612,1.0
14,FER_Daisee_Results/FER_Daisee_Results_Window_3/LSTM_Window_3_Binary_No_sampling_128_1e-03,LSTM,3,12,128,0.001,Binary,No_sampling,99.24,0.04469924792647362,0.0,0.0,0.9924249296924612,1.0
15,FER_Daisee_Results/FER_Daisee_Results_Window_3/LSTM_with_return_sequences2_Window_3_Binary_No_sampling_128_1e-03,LSTM_with_return_sequences2,3,12,128,0.001,Binary,No_sampling,99.24,0.04400494322180748,0.0,0.0,0.9924249296924612,1.0
16,FER_Daisee_Results/FER_Daisee_Results_Window_3/LSTM_with_return_sequences3_Window_3_Binary_No_sampling_128_1e-03,LSTM_with_return_sequences3,3,11,128,0.001,Binary,No_sampling,99.24,0.044771600514650345,0.0,0.0,0.9924249296924612,1.0
17,FER_Daisee_Results/FER_Daisee_Results_Window_3/LSTM_with_return_sequences4_Window_3_Binary_No_sampling_128_1e-03,LSTM_with_return_sequences4,3,21,128,0.001,Binary,No_sampling,99.24,0.045815587043762214,0.0,0.0,0.9924249296924612,1.0
18,FER_Daisee_Results/FER_Daisee_Results_Window_3/LSTM_with_return_sequences_Window_3_Binary_No_sampling_256_1e-03,LSTM_with_return_sequences,3,8,256,0.001,Binary,No_sampling,99.24,0.04498805850744248,0.0,0.0,0.9924249296924612,1.0
19,FER_Daisee_Results/FER_Daisee_Results_Window_3/Convolutional_Network_Window_3_Binary_No_sampling_256_1e-03,Convolutional_Network,3,6,256,0.001,Binary,No_sampling,99.24,0.0452287457883358,0.0,0.0,0.9924249296924612,1.0
20,FER_Daisee_Results/FER_Daisee_Results_Window_3/LSTM_Window_3_Binary_No_sampling_256_1e-03,LSTM,3,11,256,0.001,Binary,No_sampling,99.24,0.04450589790940285,0.0,0.0,0.9924249296924612,1.0
21,FER_Daisee_Results/FER_Daisee_Results_Window_3/LSTM_with_return_sequences2_Window_3_Binary_No_sampling_256_1e-03,LSTM_with_return_sequences2,3,8,256,0.001,Binary,No_sampling,99.24,0.045472584664821625,0.0,0.0,0.9924249296924612,1.0
22,FER_Daisee_Results/FER_Daisee_Results_Window_3/LSTM_with_return_sequences3_Window_3_Binary_No_sampling_256_1e-03,LSTM_with_return_sequences3,3,13,256,0.001,Binary,No_sampling,99.24,0.044438663870096214,0.0,0.0,0.9924249296924612,1.0
23,FER_Daisee_Results/FER_Daisee_Results_Window_3/LSTM_with_return_sequences4_Window_3_Binary_No_sampling_256_1e-03,LSTM_with_return_sequences4,3,12,256,0.001,Binary,No_sampling,99.24,0.04422400891780853,0.0,0.0,0.9924249296924612,1.0
24,FER_Daisee_Results/FER_Daisee_Results_Window_3/LSTM_with_return_sequences_Window_3_Binary_Downsampling_32_1e-03,LSTM_with_return_sequences,3,6,32,0.001,Binary,Downsampling,52.88,0.6936991214752197,0.5264797507788161,0.9825581395348836,0.6666666666666666,0.0379746835443038
25,FER_Daisee_Results/FER_Daisee_Results_Window_3/Convolutional_Network_Window_3_Binary_Downsampling_32_1e-03,Convolutional_Network,3,11,32,0.001,Binary,Downsampling,49.85,0.7061779499053955,0.5330578512396694,0.75,0.5113636363636364,0.2848101265822785
26,FER_Daisee_Results/FER_Daisee_Results_Window_3/LSTM_Window_3_Binary_Downsampling_32_1e-03,LSTM,3,36,32,0.001,Binary,Downsampling,59.09,0.673748254776001,0.5979381443298969,0.6744186046511628,0.5882352941176471,0.5063291139240507
27,FER_Daisee_Results/FER_Daisee_Results_Window_3/LSTM_with_return_sequences2_Window_3_Binary_Downsampling_32_1e-03,LSTM_with_return_sequences2,3,9,32,0.001,Binary,Downsampling,48.48,0.6936489343643188,0.5045871559633027,0.31976744186046513,0.4705882352941176,0.6582278481012658
28,FER_Daisee_Results/FER_Daisee_Results_Window_3/LSTM_with_return_sequences3_Window_3_Binary_Downsampling_32_1e-03,LSTM_with_return_sequences3,3,10,32,0.001,Binary,Downsampling,50.61,0.6917159557342529,0.5333333333333333,0.4651162790697674,0.4888888888888889,0.5569620253164557
29,FER_Daisee_Results/FER_Daisee_Results_Window_3/LSTM_with_return_sequences4_Window_3_Binary_Downsampling_32_1e-03,LSTM_with_return_sequences4,3,31,32,0.001,Binary,Downsampling,53.03,0.7106034755706787,0.5645161290322581,0.4069767441860465,0.5048543689320388,0.6582278481012658
30,FER_Daisee_Results/FER_Daisee_Results_Window_3/LSTM_with_return_sequences_Window_3_Binary_Downsampling_64_1e-03,LSTM_with_return_sequences,3,15,64,0.001,Binary,Downsampling,49.39,0.7045648097991943,0.5384615384615384,0.16279069767441862,0.4820143884892086,0.8481012658227848
31,FER_Daisee_Results/FER_Daisee_Results_Window_3/Convolutional_Network_Window_3_Binary_Downsampling_64_1e-03,Convolutional_Network,3,12,64,0.001,Binary,Downsampling,52.58,0.6989998817443848,0.5357142857142857,0.6104651162790697,0.5,0.4240506329113924
32,FER_Daisee_Results/FER_Daisee_Results_Window_3/LSTM_Window_3_Binary_Downsampling_64_1e-03,LSTM,3,13,64,0.001,Binary,Downsampling,51.36,0.699444591999054,0.56,0.32558139534883723,0.4956521739130435,0.7215189873417721
33,FER_Daisee_Results/FER_Daisee_Results_Window_3/LSTM_with_return_sequences2_Window_3_Binary_Downsampling_64_1e-03,LSTM_with_return_sequences2,3,14,64,0.001,Binary,Downsampling,47.42,0.6992854475975037,0.4901960784313725,0.14534883720930233,0.4731182795698925,0.8354430379746836
34,FER_Daisee_Results/FER_Daisee_Results_Window_3/LSTM_with_return_sequences3_Window_3_Binary_Downsampling_64_1e-03,LSTM_with_return_sequences3,3,7,64,0.001,Binary,Downsampling,53.48,0.692129373550415,0.5598290598290598,0.7616279069767442,0.5729166666666666,0.34810126582278483
35,FER_Daisee_Results/FER_Daisee_Results_Window_3/LSTM_with_return_sequences4_Window_3_Binary_Downsampling_64_1e-03,LSTM_with_return_sequences4,3,8,64,0.001,Binary,Downsampling,49.39,0.6999735236167908,0.5441176470588235,0.21511627906976746,0.4847328244274809,0.8037974683544303
36,FER_Daisee_Results/FER_Daisee_Results_Window_3/LSTM_with_return_sequences_Window_3_Binary_Downsampling_128_1e-03,LSTM_with_return_sequences,3,12,128,0.001,Binary,Downsampling,48.33,0.718190610408783,0.5044247787610621,0.3313953488372093,0.4700460829493088,0.6455696202531646
37,FER_Daisee_Results/FER_Daisee_Results_Window_3/Convolutional_Network_Window_3_Binary_Downsampling_128_1e-03,Convolutional_Network,3,21,128,0.001,Binary,Downsampling,53.48,0.6928696036338806,0.6842105263157895,0.2267441860465116,0.5128205128205128,0.8860759493670886
38,FER_Daisee_Results/FER_Daisee_Results_Window_3/LSTM_Window_3_Binary_Downsampling_128_1e-03,LSTM,3,11,128,0.001,Binary,Downsampling,50.45,0.703641414642334,0.5510204081632653,0.313953488372093,0.4913793103448276,0.7215189873417721
39,FER_Daisee_Results/FER_Daisee_Results_Window_3/LSTM_with_return_sequences2_Window_3_Binary_Downsampling_128_1e-03,LSTM_with_return_sequences2,3,12,128,0.001,Binary,Downsampling,53.03,0.6982836127281189,0.5390625,0.8023255813953488,0.5405405405405406,0.2531645569620253
40,FER_Daisee_Results/FER_Daisee_Results_Window_3/LSTM_with_return_sequences3_Window_3_Binary_Downsampling_128_1e-03,LSTM_with_return_sequences3,3,6,128,0.001,Binary,Downsampling,50.61,0.6951456069946289,0.5168539325842697,0.8023255813953488,0.4603174603174603,0.1835443037974684
41,FER_Daisee_Results/FER_Daisee_Results_Window_3/LSTM_with_return_sequences4_Window_3_Binary_Downsampling_128_1e-03,LSTM_with_return_sequences4,3,6,128,0.001,Binary,Downsampling,49.85,0.7008717656135559,0.5384615384615384,0.16279069767441862,0.4820143884892086,0.8481012658227848
42,FER_Daisee_Results/FER_Daisee_Results_Window_3/LSTM_with_return_sequences_Window_3_Binary_Downsampling_256_1e-03,LSTM_with_return_sequences,3,6,256,0.001,Binary,Downsampling,50.61,0.7044504880905151,0.5444444444444444,0.28488372093023256,0.4875,0.7405063291139241
43,FER_Daisee_Results/FER_Daisee_Results_Window_3/Convolutional_Network_Window_3_Binary_Downsampling_256_1e-03,Convolutional_Network,3,11,256,0.001,Binary,Downsampling,49.7,0.7043998837471008,0.5681818181818182,0.14534883720930233,0.4860139860139861,0.8797468354430379
44,FER_Daisee_Results/FER_Daisee_Results_Window_3/LSTM_Window_3_Binary_Downsampling_256_1e-03,LSTM,3,15,256,0.001,Binary,Downsampling,50.91,0.6938918828964233,0.5245098039215687,0.622093023255814,0.4841269841269841,0.3860759493670886
45,FER_Daisee_Results/FER_Daisee_Results_Window_3/LSTM_with_return_sequences2_Window_3_Binary_Downsampling_256_1e-03,LSTM_with_return_sequences2,3,9,256,0.001,Binary,Downsampling,48.03,0.6987114548683167,0.0,0.0,0.4787878787878788,1.0
46,FER_Daisee_Results/FER_Daisee_Results_Window_3/LSTM_with_return_sequences3_Window_3_Binary_Downsampling_256_1e-03,LSTM_with_return_sequences3,3,6,256,0.001,Binary,Downsampling,49.85,0.7040334939956665,0.5897435897435898,0.13372093023255813,0.4879725085910653,0.8987341772151899
47,FER_Daisee_Results/FER_Daisee_Results_Window_3/LSTM_with_return_sequences4_Window_3_Binary_Downsampling_256_1e-03,LSTM_with_return_sequences4,3,6,256,0.001,Binary,Downsampling,47.88,0.7203527092933655,0.0,0.0,0.4787878787878788,1.0
48,FER_Daisee_Results/FER_Daisee_Results_Window_3/LSTM_with_return_sequences_Window_3_Binary_Oversampling_32_1e-03,LSTM_with_return_sequences,3,34,32,0.001,Binary,Oversampling,90.49,0.2424248456954956,0.9142615000706248,0.8924943696281656,0.8961506016072459,0.9172460804362644
49,FER_Daisee_Results/FER_Daisee_Results_Window_3/Convolutional_Network_Window_3_Binary_Oversampling_32_1e-03,Convolutional_Network,3,27,32,0.001,Binary,Oversampling,72.37,0.4943709969520569,0.6795038437256286,0.8409707220664614,0.7944757944757945,0.6078164053624177
50,FER_Daisee_Results/FER_Daisee_Results_Window_3/LSTM_Window_3_Binary_Oversampling_32_1e-03,LSTM,3,58,32,0.001,Binary,Oversampling,91.04,0.2087447345256805,0.8879415347137637,0.938180815369766,0.9352556079715028,0.8829356964326289
51,FER_Daisee_Results/FER_Daisee_Results_Window_3/LSTM_with_return_sequences2_Window_3_Binary_Oversampling_32_1e-03,LSTM_with_return_sequences2,3,46,32,0.001,Binary,Oversampling,92.51,0.18580377101898202,0.8988172321505655,0.9570253251826998,0.9546028355020392,0.8934787548284481
52,FER_Daisee_Results/FER_Daisee_Results_Window_3/LSTM_with_return_sequences3_Window_3_Binary_Oversampling_32_1e-03,LSTM_with_return_sequences3,3,37,32,0.001,Binary,Oversampling,92.23,0.19700384140014648,0.8992865222309232,0.9500850301052536,0.9477281478629188,0.8947966371279255
53,FER_Daisee_Results/FER_Daisee_Results_Window_3/LSTM_with_return_sequences4_Window_3_Binary_Oversampling_32_1e-03,LSTM_with_return_sequences4,3,53,32,0.001,Binary,Oversampling,93.01,0.17292506992816925,0.9250318239679942,0.9351932711311304,0.935220067995957,0.925062485798682
54,FER_Daisee_Results/FER_Daisee_Results_Window_3/LSTM_with_return_sequences_Window_3_Binary_Oversampling_64_1e-03,LSTM_with_return_sequences,3,56,64,0.001,Binary,Oversampling,91.77,0.21496708691120148,0.89421573736321,0.9464540147998344,0.9438120960740812,0.8892978868438991
55,FER_Daisee_Results/FER_Daisee_Results_Window_3/Convolutional_Network_Window_3_Binary_Oversampling_64_1e-03,Convolutional_Network,3,22,64,0.001,Binary,Oversampling,75.92,0.4854092597961426,0.7227816985171676,0.8378912533897137,0.8097626752966559,0.6822540331742786
56,FER_Daisee_Results/FER_Daisee_Results_Window_3/LSTM_Window_3_Binary_Oversampling_64_1e-03,LSTM,3,67,64,0.001,Binary,Oversampling,90.88,0.21159522235393524,0.8849569021527266,0.9390540975318288,0.9358645707376058,0.8793001590547603
57,FER_Daisee_Results/FER_Daisee_Results_Window_3/LSTM_with_return_sequences2_Window_3_Binary_Oversampling_64_1e-03,LSTM_with_return_sequences2,3,39,64,0.001,Binary,Oversampling,91.83,0.19812561571598053,0.9076598798098484,0.9302293514730892,0.9292769288110324,0.9064303567371051
58,FER_Daisee_Results/FER_Daisee_Results_Window_3/LSTM_with_return_sequences3_Window_3_Binary_Oversampling_64_1e-03,LSTM_with_return_sequences3,3,46,64,0.001,Binary,Oversampling,92.16,0.19278313219547272,0.8994072524407253,0.9484763524382958,0.9461523681429532,0.8951147466484891
59,FER_Daisee_Results/FER_Daisee_Results_Window_3/LSTM_with_return_sequences4_Window_3_Binary_Oversampling_64_1e-03,LSTM_with_return_sequences4,3,71,64,0.001,Binary,Oversampling,92.84,0.1678611785173416,0.9190369036903692,0.9385944753412696,0.9379816173057284,0.9182458532151784
60,FER_Daisee_Results/FER_Daisee_Results_Window_3/LSTM_with_return_sequences_Window_3_Binary_Oversampling_128_1e-03,LSTM_with_return_sequences,3,50,128,0.001,Binary,Oversampling,91.02,0.2212834507226944,0.9055874055874056,0.9147860458702948,0.9148916636063166,0.9057032492615316
61,FER_Daisee_Results/FER_Daisee_Results_Window_3/LSTM_Window_3_Binary_Oversampling_128_1e-03,LSTM,3,63,128,0.001,Binary,Oversampling,89.98,0.2351663708686829,0.8754915942780587,0.931102633635152,0.9273141637977016,0.8690752101795046
62,FER_Daisee_Results/FER_Daisee_Results_Window_3/LSTM_with_return_sequences2_Window_3_Binary_Oversampling_128_1e-03,LSTM_with_return_sequences2,3,49,128,0.001,Binary,Oversampling,91.66,0.2027273178100586,0.8914396887159534,0.9476949947143448,0.9448429623885228,0.8858895705521472
63,FER_Daisee_Results/FER_Daisee_Results_Window_3/LSTM_with_return_sequences3_Window_3_Binary_Oversampling_128_1e-03,LSTM_with_return_sequences3,3,48,128,0.001,Binary,Oversampling,91.87,0.20505817234516144,0.90882947652213,0.929631842625362,0.9288138745524712,0.907793683253806
64,FER_Daisee_Results/FER_Daisee_Results_Window_3/Convolutional_Network_Window_3_Binary_Oversampling_128_1e-03,Convolutional_Network,3,31,128,0.001,Binary,Oversampling,78.67,0.447717010974884,0.7387376998769988,0.8833478880360344,0.8569818550659304,0.6911156555328335
65,FER_Daisee_Results/FER_Daisee_Results_Window_3/LSTM_with_return_sequences4_Window_3_Binary_Oversampling_128_1e-03,LSTM_with_return_sequences4,3,49,128,0.001,Binary,Oversampling,91.64,0.19949068129062653,0.9194938820912124,0.9118444638507148,0.913549085008564,0.9210633946830266
66,FER_Daisee_Results/FER_Daisee_Results_Window_3/LSTM_with_return_sequences_Window_3_Binary_Oversampling_256_1e-03,LSTM_with_return_sequences,3,54,256,0.001,Binary,Oversampling,90.24,0.22545915842056274,0.8920421430172607,0.9145102725559592,0.9133150020972176,0.8905703249261532
67,FER_Daisee_Results/FER_Daisee_Results_Window_3/Convolutional_Network_Window_3_Binary_Oversampling_256_1e-03,Convolutional_Network,3,27,256,0.001,Binary,Oversampling,79.08,0.4216678142547608,0.7865951496813827,0.7886197545617503,0.7904688140689781,0.7884571688252671
68,FER_Daisee_Results/FER_Daisee_Results_Window_3/LSTM_Window_3_Binary_Oversampling_256_1e-03,LSTM,3,84,256,0.001,Binary,Oversampling,88.87,0.2493194043636322,0.8820308611249378,0.8958955738383049,0.8954438443428888,0.8815269256987048
69,FER_Daisee_Results/FER_Daisee_Results_Window_3/LSTM_with_return_sequences2_Window_3_Binary_Oversampling_256_1e-03,LSTM_with_return_sequences2,3,42,256,0.001,Binary,Oversampling,90.71,0.21439026296138766,0.904892672433521,0.9087190329549112,0.9093688677953726,0.9055669166098614
70,FER_Daisee_Results/FER_Daisee_Results_Window_3/LSTM_with_return_sequences3_Window_3_Binary_Oversampling_256_1e-03,LSTM_with_return_sequences3,3,30,256,0.001,Binary,Oversampling,88.72,0.2470918893814087,0.8659645763523217,0.9146021969940707,0.9106000096232496,0.8600318109520564
71,FER_Daisee_Results/FER_Daisee_Results_Window_3/LSTM_with_return_sequences4_Window_3_Binary_Oversampling_256_1e-03,LSTM_with_return_sequences4,3,51,256,0.001,Binary,Oversampling,90.97,0.2153300493955612,0.8998383039885016,0.9208070965666222,0.9198530095822868,0.8986593955919109
72,FER_Daisee_Results/FER_Daisee_Results_Window_5/LSTM_with_return_sequences_Window_5_Binary_No_sampling_32_1e-03,LSTM_with_return_sequences,5,18,32,0.001,Binary,No_sampling,99.19,0.04688926786184311,0.0,0.0,0.9918936257071208,1.0
73,FER_Daisee_Results/FER_Daisee_Results_Window_5/Convolutional_Network_Window_5_Binary_No_sampling_32_1e-03,Convolutional_Network,5,17,32,0.001,Binary,No_sampling,99.19,0.04953259602189064,0.0,0.0,0.9918936257071208,1.0
74,FER_Daisee_Results/FER_Daisee_Results_Window_5/LSTM_Window_5_Binary_No_sampling_32_1e-03,LSTM,5,7,32,0.001,Binary,No_sampling,99.19,0.051840879023075104,0.0,0.0,0.9918936257071208,1.0
75,FER_Daisee_Results/FER_Daisee_Results_Window_5/LSTM_with_return_sequences2_Window_5_Binary_No_sampling_32_1e-03,LSTM_with_return_sequences2,5,9,32,0.001,Binary,No_sampling,99.19,0.04811174049973488,0.0,0.0,0.9918936257071208,1.0
76,FER_Daisee_Results/FER_Daisee_Results_Window_5/LSTM_with_return_sequences3_Window_5_Binary_No_sampling_32_1e-03,LSTM_with_return_sequences3,5,15,32,0.001,Binary,No_sampling,99.19,0.05012030526995659,0.0,0.0,0.9918936257071208,1.0
77,FER_Daisee_Results/FER_Daisee_Results_Window_5/LSTM_with_return_sequences4_Window_5_Binary_No_sampling_32_1e-03,LSTM_with_return_sequences4,5,11,32,0.001,Binary,No_sampling,99.19,0.04756058007478714,0.0,0.0,0.9918936257071208,1.0
78,FER_Daisee_Results/FER_Daisee_Results_Window_5/LSTM_with_return_sequences_Window_5_Binary_No_sampling_64_1e-03,LSTM_with_return_sequences,5,11,64,0.001,Binary,No_sampling,99.19,0.04669925570487976,0.0,0.0,0.9918936257071208,1.0
79,FER_Daisee_Results/FER_Daisee_Results_Window_5/Convolutional_Network_Window_5_Binary_No_sampling_64_1e-03,Convolutional_Network,5,15,64,0.001,Binary,No_sampling,99.19,0.05422297120094298,0.0,0.0,0.9918936257071208,1.0
80,FER_Daisee_Results/FER_Daisee_Results_Window_5/LSTM_Window_5_Binary_No_sampling_64_1e-03,LSTM,5,11,64,0.001,Binary,No_sampling,99.19,0.046753186732530594,0.0,0.0,0.9918936257071208,1.0
81,FER_Daisee_Results/FER_Daisee_Results_Window_5/LSTM_with_return_sequences2_Window_5_Binary_No_sampling_64_1e-03,LSTM_with_return_sequences2,5,11,64,0.001,Binary,No_sampling,99.19,0.04753158986568451,0.0,0.0,0.9918936257071208,1.0
82,FER_Daisee_Results/FER_Daisee_Results_Window_5/LSTM_with_return_sequences3_Window_5_Binary_No_sampling_64_1e-03,LSTM_with_return_sequences3,5,9,64,0.001,Binary,No_sampling,99.19,0.04689281433820725,0.0,0.0,0.9918936257071208,1.0
83,FER_Daisee_Results/FER_Daisee_Results_Window_5/LSTM_with_return_sequences4_Window_5_Binary_No_sampling_64_1e-03,LSTM_with_return_sequences4,5,8,64,0.001,Binary,No_sampling,99.19,0.0476338192820549,0.0,0.0,0.9918936257071208,1.0
84,FER_Daisee_Results/FER_Daisee_Results_Window_5/LSTM_with_return_sequences_Window_5_Binary_No_sampling_128_1e-03,LSTM_with_return_sequences,5,8,128,0.001,Binary,No_sampling,99.19,0.04885704442858696,0.0,0.0,0.9918936257071208,1.0
85,FER_Daisee_Results/FER_Daisee_Results_Window_5/Convolutional_Network_Window_5_Binary_No_sampling_128_1e-03,Convolutional_Network,5,14,128,0.001,Binary,No_sampling,99.19,0.04693107306957245,0.0,0.0,0.9918936257071208,1.0
86,FER_Daisee_Results/FER_Daisee_Results_Window_5/LSTM_Window_5_Binary_No_sampling_128_1e-03,LSTM,5,11,128,0.001,Binary,No_sampling,99.19,0.046536557376384735,0.0,0.0,0.9918936257071208,1.0
87,FER_Daisee_Results/FER_Daisee_Results_Window_5/LSTM_with_return_sequences2_Window_5_Binary_No_sampling_128_1e-03,LSTM_with_return_sequences2,5,8,128,0.001,Binary,No_sampling,99.19,0.04715177044272423,0.0,0.0,0.9918936257071208,1.0
88,FER_Daisee_Results/FER_Daisee_Results_Window_5/LSTM_with_return_sequences3_Window_5_Binary_No_sampling_128_1e-03,LSTM_with_return_sequences3,5,12,128,0.001,Binary,No_sampling,99.19,0.04848659038543701,0.0,0.0,0.9918936257071208,1.0
89,FER_Daisee_Results/FER_Daisee_Results_Window_5/LSTM_with_return_sequences4_Window_5_Binary_No_sampling_128_1e-03,LSTM_with_return_sequences4,5,18,128,0.001,Binary,No_sampling,99.19,0.04710065573453903,0.0,0.0,0.9918936257071208,1.0
90,FER_Daisee_Results/FER_Daisee_Results_Window_5/LSTM_with_return_sequences_Window_5_Binary_No_sampling_256_1e-03,LSTM_with_return_sequences,5,18,256,0.001,Binary,No_sampling,99.19,0.05182290822267532,0.0,0.0,0.9918936257071208,1.0
91,FER_Daisee_Results/FER_Daisee_Results_Window_5/Convolutional_Network_Window_5_Binary_No_sampling_256_1e-03,Convolutional_Network,5,17,256,0.001,Binary,No_sampling,99.19,0.04719673097133637,0.0,0.0,0.9918936257071208,1.0
92,FER_Daisee_Results/FER_Daisee_Results_Window_5/LSTM_Window_5_Binary_No_sampling_256_1e-03,LSTM,5,9,256,0.001,Binary,No_sampling,99.19,0.047051314264535904,0.0,0.0,0.9918936257071208,1.0
93,FER_Daisee_Results/FER_Daisee_Results_Window_5/LSTM_with_return_sequences2_Window_5_Binary_No_sampling_256_1e-03,LSTM_with_return_sequences2,5,7,256,0.001,Binary,No_sampling,99.19,0.05006061494350433,0.0,0.0,0.9918936257071208,1.0
94,FER_Daisee_Results/FER_Daisee_Results_Window_5/LSTM_with_return_sequences3_Window_5_Binary_No_sampling_256_1e-03,LSTM_with_return_sequences3,5,11,256,0.001,Binary,No_sampling,99.19,0.05002820864319801,0.0,0.0,0.9918936257071208,1.0
95,FER_Daisee_Results/FER_Daisee_Results_Window_5/LSTM_with_return_sequences4_Window_5_Binary_No_sampling_256_1e-03,LSTM_with_return_sequences4,5,16,256,0.001,Binary,No_sampling,99.19,0.04722817242145538,0.0,0.0,0.9918936257071208,1.0
96,FER_Daisee_Results/FER_Daisee_Results_Window_5/LSTM_with_return_sequences_Window_5_Binary_Downsampling_32_1e-03,LSTM_with_return_sequences,5,6,32,0.001,Binary,Downsampling,54.47,0.6899561882019043,0.75,0.096,0.5311203319502075,0.9696969696969696
97,FER_Daisee_Results/FER_Daisee_Results_Window_5/Convolutional_Network_Window_5_Binary_Downsampling_32_1e-03,Convolutional_Network,5,6,32,0.001,Binary,Downsampling,49.81,0.7310989499092102,0.4857142857142857,0.272,0.5133689839572193,0.7272727272727273
98,FER_Daisee_Results/FER_Daisee_Results_Window_5/LSTM_Window_5_Binary_Downsampling_32_1e-03,LSTM,5,9,32,0.001,Binary,Downsampling,56.42,0.6849308609962463,0.5507246376811594,0.608,0.5882352941176471,0.5303030303030303
99,FER_Daisee_Results/FER_Daisee_Results_Window_5/LSTM_with_return_sequences2_Window_5_Binary_Downsampling_32_1e-03,LSTM_with_return_sequences2,5,15,32,0.001,Binary,Downsampling,54.67,0.7040351629257202,0.5263157894736842,0.8,0.6268656716417911,0.3181818181818182
100,FER_Daisee_Results/FER_Daisee_Results_Window_5/LSTM_with_return_sequences3_Window_5_Binary_Downsampling_32_1e-03,LSTM_with_return_sequences3,5,8,32,0.001,Binary,Downsampling,56.42,0.6899911165237427,0.5539568345323741,0.616,0.5932203389830508,0.5303030303030303
101,FER_Daisee_Results/FER_Daisee_Results_Window_5/LSTM_with_return_sequences4_Window_5_Binary_Downsampling_32_1e-03,LSTM_with_return_sequences4,5,12,32,0.001,Binary,Downsampling,48.64,0.6912500858306885,0.4869109947643979,0.7440000000000001,0.5151515151515151,0.2575757575757576
102,FER_Daisee_Results/FER_Daisee_Results_Window_5/LSTM_with_return_sequences_Window_5_Binary_Downsampling_64_1e-03,LSTM_with_return_sequences,5,11,64,0.001,Binary,Downsampling,57.0,0.6848521232604979,0.5547445255474452,0.608,0.5916666666666667,0.5378787878787878
103,FER_Daisee_Results/FER_Daisee_Results_Window_5/Convolutional_Network_Window_5_Binary_Downsampling_64_1e-03,Convolutional_Network,5,11,64,0.001,Binary,Downsampling,48.64,0.7660924792289734,0.4892703862660944,0.912,0.5416666666666666,0.09848484848484848
104,FER_Daisee_Results/FER_Daisee_Results_Window_5/LSTM_Window_5_Binary_Downsampling_64_1e-03,LSTM,5,12,64,0.001,Binary,Downsampling,53.31,0.6850730776786804,0.5185185185185185,0.44799999999999995,0.5369127516778524,0.6060606060606061
105,FER_Daisee_Results/FER_Daisee_Results_Window_5/LSTM_with_return_sequences2_Window_5_Binary_Downsampling_64_1e-03,LSTM_with_return_sequences2,5,12,64,0.001,Binary,Downsampling,55.06,0.6841816902160645,0.5384615384615384,0.504,0.5571428571428572,0.5909090909090909
106,FER_Daisee_Results/FER_Daisee_Results_Window_5/LSTM_with_return_sequences3_Window_5_Binary_Downsampling_64_1e-03,LSTM_with_return_sequences3,5,14,64,0.001,Binary,Downsampling,55.25,0.688218891620636,0.5447761194029851,0.584,0.5772357723577236,0.5378787878787878
107,FER_Daisee_Results/FER_Daisee_Results_Window_5/LSTM_with_return_sequences4_Window_5_Binary_Downsampling_64_1e-03,LSTM_with_return_sequences4,5,8,64,0.001,Binary,Downsampling,48.44,0.7117302417755127,0.4751131221719457,0.84,0.4444444444444444,0.12121212121212124
108,FER_Daisee_Results/FER_Daisee_Results_Window_5/LSTM_with_return_sequences_Window_5_Binary_Downsampling_128_1e-03,LSTM_with_return_sequences,5,10,128,0.001,Binary,Downsampling,52.53,0.6963484883308411,0.5243902439024389,0.344,0.5314285714285715,0.7045454545454546
109,FER_Daisee_Results/FER_Daisee_Results_Window_5/Convolutional_Network_Window_5_Binary_Downsampling_128_1e-03,Convolutional_Network,5,12,128,0.001,Binary,Downsampling,50.19,0.7770119905471802,0.5,0.28800000000000003,0.5189189189189191,0.7272727272727273
110,FER_Daisee_Results/FER_Daisee_Results_Window_5/LSTM_Window_5_Binary_Downsampling_128_1e-03,LSTM,5,19,128,0.001,Binary,Downsampling,56.42,0.6856026649475098,0.5436241610738255,0.648,0.5925925925925926,0.4848484848484849
111,FER_Daisee_Results/FER_Daisee_Results_Window_5/LSTM_with_return_sequences2_Window_5_Binary_Downsampling_128_1e-03,LSTM_with_return_sequences2,5,19,128,0.001,Binary,Downsampling,51.56,0.7210349440574646,0.5020576131687243,0.976,0.7857142857142857,0.08333333333333333
112,FER_Daisee_Results/FER_Daisee_Results_Window_5/LSTM_with_return_sequences3_Window_5_Binary_Downsampling_128_1e-03,LSTM_with_return_sequences3,5,10,128,0.001,Binary,Downsampling,49.81,0.6984007954597473,0.4891774891774892,0.904,0.5384615384615384,0.10606060606060606
113,FER_Daisee_Results/FER_Daisee_Results_Window_5/LSTM_with_return_sequences4_Window_5_Binary_Downsampling_128_1e-03,LSTM_with_return_sequences4,5,9,128,0.001,Binary,Downsampling,56.03,0.6968205571174622,0.5384615384615384,0.728,0.6136363636363636,0.4090909090909091
114,FER_Daisee_Results/FER_Daisee_Results_Window_5/LSTM_with_return_sequences_Window_5_Binary_Downsampling_256_1e-03,LSTM_with_return_sequences,5,8,256,0.001,Binary,Downsampling,55.64,0.6868536472320557,0.5491803278688525,0.536,0.5703703703703704,0.5833333333333334
115,FER_Daisee_Results/FER_Daisee_Results_Window_5/Convolutional_Network_Window_5_Binary_Downsampling_256_1e-03,Convolutional_Network,5,7,256,0.001,Binary,Downsampling,52.92,0.7192557454109192,0.5223880597014925,0.56,0.5528455284552846,0.5151515151515151
116,FER_Daisee_Results/FER_Daisee_Results_Window_5/LSTM_Window_5_Binary_Downsampling_256_1e-03,LSTM,5,18,256,0.001,Binary,Downsampling,53.5,0.6859387159347534,0.52,0.52,0.5454545454545454,0.5454545454545454
117,FER_Daisee_Results/FER_Daisee_Results_Window_5/LSTM_with_return_sequences2_Window_5_Binary_Downsampling_256_1e-03,LSTM_with_return_sequences2,5,7,256,0.001,Binary,Downsampling,56.42,0.6872976422309875,0.5528455284552846,0.544,0.5746268656716418,0.5833333333333334
118,FER_Daisee_Results/FER_Daisee_Results_Window_5/LSTM_with_return_sequences3_Window_5_Binary_Downsampling_256_1e-03,LSTM_with_return_sequences3,5,7,256,0.001,Binary,Downsampling,57.59,0.687513530254364,0.5581395348837209,0.5760000000000001,0.5859375,0.5681818181818182
119,FER_Daisee_Results/FER_Daisee_Results_Window_5/LSTM_with_return_sequences4_Window_5_Binary_Downsampling_256_1e-03,LSTM_with_return_sequences4,5,9,256,0.001,Binary,Downsampling,52.72,0.6903061270713806,0.5022831050228309,0.88,0.6052631578947368,0.17424242424242425
120,FER_Daisee_Results/FER_Daisee_Results_Window_5/LSTM_with_return_sequences_Window_5_Binary_Oversampling_32_1e-03,LSTM_with_return_sequences,5,27,32,0.001,Binary,Oversampling,95.71,0.13703438639640808,0.9290510788199032,0.9899706744868036,0.9892242737412564,0.9241184435156296
121,FER_Daisee_Results/FER_Daisee_Results_Window_5/Convolutional_Network_Window_5_Binary_Oversampling_32_1e-03,Convolutional_Network,5,52,32,0.001,Binary,Oversampling,75.45,0.4835951030254364,0.7185442115316946,0.8383577712609971,0.8051470588235294,0.6703950079472538
122,FER_Daisee_Results/FER_Daisee_Results_Window_5/LSTM_Window_5_Binary_Oversampling_32_1e-03,LSTM,5,24,32,0.001,Binary,Oversampling,94.3,0.14144475758075714,0.9355582454320134,0.9519648093841642,0.9509228187919464,0.9341849649732148
123,FER_Daisee_Results/FER_Daisee_Results_Window_5/LSTM_with_return_sequences2_Window_5_Binary_Oversampling_32_1e-03,LSTM_with_return_sequences2,5,21,32,0.001,Binary,Oversampling,95.68,0.10994843393564224,0.9443810610382202,0.970967741935484,0.9700127218755681,0.9426031671278036
124,FER_Daisee_Results/FER_Daisee_Results_Window_5/LSTM_with_return_sequences3_Window_5_Binary_Oversampling_32_1e-03,LSTM_with_return_sequences3,5,32,32,0.001,Binary,Oversampling,96.87,0.0907173901796341,0.9511658104217242,0.9881524926686216,0.9876255819652046,0.949078707246718
125,FER_Daisee_Results/FER_Daisee_Results_Window_5/LSTM_with_return_sequences4_Window_5_Binary_Oversampling_32_1e-03,LSTM_with_return_sequences4,5,30,32,0.001,Binary,Oversampling,96.44,0.09363305568695067,0.9517453798767967,0.978651026392962,0.97794607694638,0.9501972096308944
126,FER_Daisee_Results/FER_Daisee_Results_Window_5/LSTM_with_return_sequences_Window_5_Binary_Oversampling_64_1e-03,LSTM_with_return_sequences,5,38,64,0.001,Binary,Oversampling,96.41,0.10767307877540587,0.9419189098626158,0.9892082111436952,0.9885933916062242,0.9387767116029904
127,FER_Daisee_Results/FER_Daisee_Results_Window_5/Convolutional_Network_Window_5_Binary_Oversampling_64_1e-03,Convolutional_Network,5,36,64,0.001,Binary,Oversampling,77.94,0.464546799659729,0.7358360088910842,0.8737243401759531,0.8438950116009281,0.6851710131276859
128,FER_Daisee_Results/FER_Daisee_Results_Window_5/LSTM_Window_5_Binary_Oversampling_64_1e-03,LSTM,5,43,64,0.001,Binary,Oversampling,94.81,0.12939457595348358,0.9495372280846548,0.9446920821114372,0.9447698254656204,0.9496085241655384
129,FER_Daisee_Results/FER_Daisee_Results_Window_5/LSTM_with_return_sequences2_Window_5_Binary_Oversampling_64_1e-03,LSTM_with_return_sequences2,5,27,64,0.001,Binary,Oversampling,96.41,0.10106604546308516,0.9421132033301668,0.9889149560117302,0.9882899628252788,0.9390121857891328
130,FER_Daisee_Results/FER_Daisee_Results_Window_5/LSTM_with_return_sequences3_Window_5_Binary_Oversampling_64_1e-03,LSTM_with_return_sequences3,5,30,64,0.001,Binary,Oversampling,96.23,0.099787175655365,0.9599206580712908,0.9650439882697948,0.9647253787878788,0.9595573085300524
131,FER_Daisee_Results/FER_Daisee_Results_Window_5/LSTM_with_return_sequences4_Window_5_Binary_Oversampling_64_1e-03,LSTM_with_return_sequences4,5,40,64,0.001,Binary,Oversampling,96.84,0.08569906651973724,0.9503750070490048,0.9884457478005864,0.9879170755642788,0.9481956790486844
132,FER_Daisee_Results/FER_Daisee_Results_Window_5/LSTM_with_return_sequences_Window_5_Binary_Oversampling_128_1e-03,LSTM_with_return_sequences,5,32,128,0.001,Binary,Oversampling,95.14,0.12999629974365234,0.9318972287669696,0.9743108504398827,0.9729813089877244,0.9285335845057986
133,FER_Daisee_Results/FER_Daisee_Results_Window_5/Convolutional_Network_Window_5_Binary_Oversampling_128_1e-03,Convolutional_Network,5,41,128,0.001,Binary,Oversampling,78.62,0.4286924302577973,0.7683013894228129,0.8205278592375367,0.8066717210007581,0.7516336021663625
134,FER_Daisee_Results/FER_Daisee_Results_Window_5/LSTM_Window_5_Binary_Oversampling_128_1e-03,LSTM,5,31,128,0.001,Binary,Oversampling,93.2,0.15937849879264832,0.9344184949280492,0.929266862170088,0.9293952344710495,0.9345381762524284
135,FER_Daisee_Results/FER_Daisee_Results_Window_5/LSTM_with_return_sequences2_Window_5_Binary_Oversampling_128_1e-03,LSTM_with_return_sequences2,5,42,128,0.001,Binary,Oversampling,97.04,0.08901141583919525,0.955123113582208,0.9873900293255132,0.9868990311376516,0.9534349796903514
136,FER_Daisee_Results/FER_Daisee_Results_Window_5/LSTM_with_return_sequences3_Window_5_Binary_Oversampling_128_1e-03,LSTM_with_return_sequences3,5,32,128,0.001,Binary,Oversampling,96.19,0.1039910838007927,0.9385369112570984,0.9887390029325512,0.9880559875583204,0.9350091246247132
137,FER_Daisee_Results/FER_Daisee_Results_Window_5/LSTM_with_return_sequences4_Window_5_Binary_Oversampling_128_1e-03,LSTM_with_return_sequences4,5,30,128,0.001,Binary,Oversampling,96.12,0.1020464450120926,0.9367503331852508,0.989384164222874,0.9887079668101566,0.9329487254959676
138,FER_Daisee_Results/FER_Daisee_Results_Window_5/LSTM_with_return_sequences_Window_5_Binary_Oversampling_256_1e-03,LSTM_with_return_sequences,5,51,256,0.001,Binary,Oversampling,95.52,0.11411130428314208,0.9482101616628176,0.9632258064516128,0.9624932703236226,0.9471949137575794
139,FER_Daisee_Results/FER_Daisee_Results_Window_5/Convolutional_Network_Window_5_Binary_Oversampling_256_1e-03,Convolutional_Network,5,33,256,0.001,Binary,Oversampling,81.62,0.4051105082035065,0.7716729559748428,0.8995307917888563,0.879042508120322,0.7328545358215106
140,FER_Daisee_Results/FER_Daisee_Results_Window_5/LSTM_Window_5_Binary_Oversampling_256_1e-03,LSTM,5,58,256,0.001,Binary,Oversampling,94.03,0.14446580410003662,0.9354015656712092,0.9460997067448679,0.945271557884707,0.9344204391593572
141,FER_Daisee_Results/FER_Daisee_Results_Window_5/LSTM_with_return_sequences2_Window_5_Binary_Oversampling_256_1e-03,LSTM_with_return_sequences2,5,56,256,0.001,Binary,Oversampling,96.8,0.10225995630025864,0.9504872415929702,0.9896774193548388,0.9891918447555884,0.94825454759522
142,FER_Daisee_Results/FER_Daisee_Results_Window_5/LSTM_with_return_sequences3_Window_5_Binary_Oversampling_256_1e-03,LSTM_with_return_sequences3,5,39,256,0.001,Binary,Oversampling,95.74,0.13992933928966522,0.9252575914517801,0.9954252199413492,0.9950299477507328,0.9192912226997116
143,FER_Daisee_Results/FER_Daisee_Results_Window_5/LSTM_with_return_sequences4_Window_5_Binary_Oversampling_256_1e-03,LSTM_with_return_sequences4,5,29,256,0.001,Binary,Oversampling,95.36,0.11894264072179794,0.9372950356213956,0.9722580645161292,0.9710721056816096,0.934714781892035
144,FER_Daisee_Results/FER_Daisee_Results_Window_7/LSTM_with_return_sequences_Window_7_Binary_No_sampling_32_1e-03,LSTM_with_return_sequences,7,13,32,0.001,Binary,No_sampling,99.22,0.045290958136320114,0.0,0.0,0.9922436316133246,1.0
145,FER_Daisee_Results/FER_Daisee_Results_Window_7/Convolutional_Network_Window_7_Binary_No_sampling_32_1e-03,Convolutional_Network,7,10,32,0.001,Binary,No_sampling,99.22,0.05079023912549019,0.0,0.0,0.9922436316133246,1.0
146,FER_Daisee_Results/FER_Daisee_Results_Window_7/LSTM_Window_7_Binary_No_sampling_32_1e-03,LSTM,7,14,32,0.001,Binary,No_sampling,99.22,0.045436590909957886,0.0,0.0,0.9922436316133246,1.0
147,FER_Daisee_Results/FER_Daisee_Results_Window_7/LSTM_with_return_sequences2_Window_7_Binary_No_sampling_32_1e-03,LSTM_with_return_sequences2,7,16,32,0.001,Binary,No_sampling,99.22,0.0465092770755291,0.0,0.0,0.9922436316133246,1.0
148,FER_Daisee_Results/FER_Daisee_Results_Window_7/LSTM_with_return_sequences3_Window_7_Binary_No_sampling_32_1e-03,LSTM_with_return_sequences3,7,15,32,0.001,Binary,No_sampling,99.22,0.04565529525279999,0.0,0.0,0.9922436316133246,1.0
149,FER_Daisee_Results/FER_Daisee_Results_Window_7/LSTM_with_return_sequences4_Window_7_Binary_No_sampling_32_1e-03,LSTM_with_return_sequences4,7,12,32,0.001,Binary,No_sampling,99.22,0.04543999582529068,0.0,0.0,0.9922436316133246,1.0
150,FER_Daisee_Results/FER_Daisee_Results_Window_7/LSTM_with_return_sequences_Window_7_Binary_No_sampling_64_1e-03,LSTM_with_return_sequences,7,8,64,0.001,Binary,No_sampling,99.22,0.048460546880960464,0.0,0.0,0.9922436316133246,1.0
151,FER_Daisee_Results/FER_Daisee_Results_Window_7/Convolutional_Network_Window_7_Binary_No_sampling_64_1e-03,Convolutional_Network,7,15,64,0.001,Binary,No_sampling,99.22,0.04609886929392815,0.0,0.0,0.9922436316133246,1.0
152,FER_Daisee_Results/FER_Daisee_Results_Window_7/LSTM_Window_7_Binary_No_sampling_64_1e-03,LSTM,7,27,64,0.001,Binary,No_sampling,99.22,0.045527856796979904,0.0,0.0,0.9922436316133246,1.0
153,FER_Daisee_Results/FER_Daisee_Results_Window_7/LSTM_with_return_sequences2_Window_7_Binary_No_sampling_64_1e-03,LSTM_with_return_sequences2,7,7,64,0.001,Binary,No_sampling,99.22,0.04578222334384918,0.0,0.0,0.9922436316133246,1.0
154,FER_Daisee_Results/FER_Daisee_Results_Window_7/LSTM_with_return_sequences3_Window_7_Binary_No_sampling_64_1e-03,LSTM_with_return_sequences3,7,11,64,0.001,Binary,No_sampling,99.22,0.04731328040361405,0.0,0.0,0.9922436316133246,1.0
155,FER_Daisee_Results/FER_Daisee_Results_Window_7/LSTM_with_return_sequences4_Window_7_Binary_No_sampling_64_1e-03,LSTM_with_return_sequences4,7,8,64,0.001,Binary,No_sampling,99.22,0.045432958751916885,0.0,0.0,0.9922436316133246,1.0
156,FER_Daisee_Results/FER_Daisee_Results_Window_7/LSTM_with_return_sequences_Window_7_Binary_No_sampling_128_1e-03,LSTM_with_return_sequences,7,14,128,0.001,Binary,No_sampling,99.22,0.045260872691869736,0.0,0.0,0.9922436316133246,1.0
157,FER_Daisee_Results/FER_Daisee_Results_Window_7/Convolutional_Network_Window_7_Binary_No_sampling_128_1e-03,Convolutional_Network,7,12,128,0.001,Binary,No_sampling,99.22,0.04813017696142197,0.0,0.0,0.9922436316133246,1.0
158,FER_Daisee_Results/FER_Daisee_Results_Window_7/LSTM_Window_7_Binary_No_sampling_128_1e-03,LSTM,7,18,128,0.001,Binary,No_sampling,99.22,0.045421626418828964,0.0,0.0,0.9922436316133246,1.0
159,FER_Daisee_Results/FER_Daisee_Results_Window_7/LSTM_with_return_sequences2_Window_7_Binary_No_sampling_128_1e-03,LSTM_with_return_sequences2,7,9,128,0.001,Binary,No_sampling,99.22,0.04683910682797432,0.0,0.0,0.9922436316133246,1.0
160,FER_Daisee_Results/FER_Daisee_Results_Window_7/LSTM_with_return_sequences3_Window_7_Binary_No_sampling_128_1e-03,LSTM_with_return_sequences3,7,10,128,0.001,Binary,No_sampling,99.22,0.04941477254033089,0.0,0.0,0.9922436316133246,1.0
161,FER_Daisee_Results/FER_Daisee_Results_Window_7/LSTM_with_return_sequences4_Window_7_Binary_No_sampling_128_1e-03,LSTM_with_return_sequences4,7,8,128,0.001,Binary,No_sampling,99.22,0.04691995307803154,0.0,0.0,0.9922436316133246,1.0
162,FER_Daisee_Results/FER_Daisee_Results_Window_7/LSTM_with_return_sequences_Window_7_Binary_No_sampling_256_1e-03,LSTM_with_return_sequences,7,12,256,0.001,Binary,No_sampling,99.22,0.046227484941482544,0.0,0.0,0.9922436316133246,1.0
163,FER_Daisee_Results/FER_Daisee_Results_Window_7/Convolutional_Network_Window_7_Binary_No_sampling_256_1e-03,Convolutional_Network,7,9,256,0.001,Binary,No_sampling,99.22,0.04805208370089531,0.0,0.0,0.9922436316133246,1.0
164,FER_Daisee_Results/FER_Daisee_Results_Window_7/LSTM_Window_7_Binary_No_sampling_256_1e-03,LSTM,7,27,256,0.001,Binary,No_sampling,99.22,0.04546145722270012,0.0,0.0,0.9922436316133246,1.0
165,FER_Daisee_Results/FER_Daisee_Results_Window_7/LSTM_with_return_sequences2_Window_7_Binary_No_sampling_256_1e-03,LSTM_with_return_sequences2,7,7,256,0.001,Binary,No_sampling,99.22,0.05165205895900726,0.0,0.0,0.9922436316133246,1.0
166,FER_Daisee_Results/FER_Daisee_Results_Window_7/LSTM_with_return_sequences3_Window_7_Binary_No_sampling_256_1e-03,LSTM_with_return_sequences3,7,12,256,0.001,Binary,No_sampling,99.22,0.047416094690561295,0.0,0.0,0.9922436316133246,1.0
167,FER_Daisee_Results/FER_Daisee_Results_Window_7/LSTM_with_return_sequences4_Window_7_Binary_No_sampling_256_1e-03,LSTM_with_return_sequences4,7,9,256,0.001,Binary,No_sampling,99.22,0.04618026688694954,0.0,0.0,0.9922436316133246,1.0
168,FER_Daisee_Results/FER_Daisee_Results_Window_7/LSTM_with_return_sequences_Window_7_Binary_Downsampling_32_1e-03,LSTM_with_return_sequences,7,7,32,0.001,Binary,Downsampling,52.46,0.6931080818176271,0.6170212765957447,0.2959183673469388,0.4926470588235294,0.7882352941176469
169,FER_Daisee_Results/FER_Daisee_Results_Window_7/Convolutional_Network_Window_7_Binary_Downsampling_32_1e-03,Convolutional_Network,7,7,32,0.001,Binary,Downsampling,48.91,0.909662127494812,0.5555555555555556,0.30612244897959184,0.4728682170542636,0.7176470588235294
170,FER_Daisee_Results/FER_Daisee_Results_Window_7/LSTM_Window_7_Binary_Downsampling_32_1e-03,LSTM,7,7,32,0.001,Binary,Downsampling,55.74,0.6930645108222961,0.6024096385542169,0.5102040816326531,0.52,0.611764705882353
171,FER_Daisee_Results/FER_Daisee_Results_Window_7/LSTM_with_return_sequences2_Window_7_Binary_Downsampling_32_1e-03,LSTM_with_return_sequences2,7,7,32,0.001,Binary,Downsampling,49.73,0.6938823461532593,0.5333333333333333,0.4081632653061225,0.462962962962963,0.5882352941176471
172,FER_Daisee_Results/FER_Daisee_Results_Window_7/LSTM_with_return_sequences3_Window_7_Binary_Downsampling_32_1e-03,LSTM_with_return_sequences3,7,6,32,0.001,Binary,Downsampling,50.0,0.6991562843322754,0.55,0.33673469387755106,0.4715447154471545,0.6823529411764706
173,FER_Daisee_Results/FER_Daisee_Results_Window_7/LSTM_with_return_sequences4_Window_7_Binary_Downsampling_32_1e-03,LSTM_with_return_sequences4,7,11,32,0.001,Binary,Downsampling,54.64,0.7107306122779846,0.5903614457831325,0.5,0.51,0.6
174,FER_Daisee_Results/FER_Daisee_Results_Window_7/LSTM_with_return_sequences_Window_7_Binary_Downsampling_64_1e-03,LSTM_with_return_sequences,7,7,64,0.001,Binary,Downsampling,53.83,0.6859866976737976,0.5686274509803921,0.5918367346938775,0.5061728395061729,0.4823529411764706
175,FER_Daisee_Results/FER_Daisee_Results_Window_7/Convolutional_Network_Window_7_Binary_Downsampling_64_1e-03,Convolutional_Network,7,7,64,0.001,Binary,Downsampling,53.55,0.8062170743942261,0.6363636363636364,0.2857142857142857,0.4964028776978418,0.8117647058823529
176,FER_Daisee_Results/FER_Daisee_Results_Window_7/LSTM_Window_7_Binary_Downsampling_64_1e-03,LSTM,7,6,64,0.001,Binary,Downsampling,56.01,0.6991071105003357,0.6,0.5204081632653061,0.5204081632653061,0.6
177,FER_Daisee_Results/FER_Daisee_Results_Window_7/LSTM_with_return_sequences2_Window_7_Binary_Downsampling_64_1e-03,LSTM_with_return_sequences2,7,16,64,0.001,Binary,Downsampling,45.36,0.7655631303787231,0.4736842105263158,0.2755102040816326,0.4365079365079365,0.6470588235294118
178,FER_Daisee_Results/FER_Daisee_Results_Window_7/LSTM_with_return_sequences3_Window_7_Binary_Downsampling_64_1e-03,LSTM_with_return_sequences3,7,6,64,0.001,Binary,Downsampling,49.45,0.6935701370239258,0.5245901639344263,0.32653061224489793,0.459016393442623,0.6588235294117647
179,FER_Daisee_Results/FER_Daisee_Results_Window_7/LSTM_with_return_sequences4_Window_7_Binary_Downsampling_64_1e-03,LSTM_with_return_sequences4,7,15,64,0.001,Binary,Downsampling,47.27,0.7144010663032532,0.5064935064935064,0.3979591836734694,0.4433962264150944,0.5529411764705883
180,FER_Daisee_Results/FER_Daisee_Results_Window_7/LSTM_with_return_sequences_Window_7_Binary_Downsampling_128_1e-03,LSTM_with_return_sequences,7,12,128,0.001,Binary,Downsampling,50.27,0.7026920914649963,0.7,0.14285714285714285,0.4846625766871165,0.9294117647058824
181,FER_Daisee_Results/FER_Daisee_Results_Window_7/Convolutional_Network_Window_7_Binary_Downsampling_128_1e-03,Convolutional_Network,7,7,128,0.001,Binary,Downsampling,49.73,0.7493827939033508,0.5405405405405406,0.4081632653061225,0.4678899082568808,0.6
182,FER_Daisee_Results/FER_Daisee_Results_Window_7/LSTM_Window_7_Binary_Downsampling_128_1e-03,LSTM,7,6,128,0.001,Binary,Downsampling,57.1,0.6969878077507019,0.65625,0.42857142857142855,0.5294117647058824,0.7411764705882353
183,FER_Daisee_Results/FER_Daisee_Results_Window_7/LSTM_with_return_sequences2_Window_7_Binary_Downsampling_128_1e-03,LSTM_with_return_sequences2,7,6,128,0.001,Binary,Downsampling,55.46,0.6891046762466431,0.6049382716049383,0.5,0.5196078431372549,0.6235294117647059
184,FER_Daisee_Results/FER_Daisee_Results_Window_7/LSTM_with_return_sequences3_Window_7_Binary_Downsampling_128_1e-03,LSTM_with_return_sequences3,7,8,128,0.001,Binary,Downsampling,54.37,0.6976678371429443,0.6086956521739131,0.42857142857142855,0.5087719298245614,0.6823529411764706
185,FER_Daisee_Results/FER_Daisee_Results_Window_7/LSTM_with_return_sequences4_Window_7_Binary_Downsampling_128_1e-03,LSTM_with_return_sequences4,7,11,128,0.001,Binary,Downsampling,52.46,0.6898899078369141,0.5714285714285714,0.4489795918367347,0.490566037735849,0.611764705882353
186,FER_Daisee_Results/FER_Daisee_Results_Window_7/LSTM_with_return_sequences_Window_7_Binary_Downsampling_256_1e-03,LSTM_with_return_sequences,7,7,256,0.001,Binary,Downsampling,49.45,0.7087554931640625,0.5833333333333334,0.21428571428571427,0.4761904761904762,0.8235294117647058
187,FER_Daisee_Results/FER_Daisee_Results_Window_7/Convolutional_Network_Window_7_Binary_Downsampling_256_1e-03,Convolutional_Network,7,11,256,0.001,Binary,Downsampling,48.91,0.7569519877433777,0.5303030303030303,0.35714285714285715,0.4615384615384616,0.6352941176470588
188,FER_Daisee_Results/FER_Daisee_Results_Window_7/LSTM_Window_7_Binary_Downsampling_256_1e-03,LSTM,7,6,256,0.001,Binary,Downsampling,56.28,0.6994492411613464,0.6551724137931034,0.3877551020408163,0.52,0.7647058823529411
189,FER_Daisee_Results/FER_Daisee_Results_Window_7/LSTM_with_return_sequences2_Window_7_Binary_Downsampling_256_1e-03,LSTM_with_return_sequences2,7,7,256,0.001,Binary,Downsampling,55.74,0.6890127062797546,0.6043956043956044,0.5612244897959183,0.532608695652174,0.5764705882352941
190,FER_Daisee_Results/FER_Daisee_Results_Window_7/LSTM_with_return_sequences3_Window_7_Binary_Downsampling_256_1e-03,LSTM_with_return_sequences3,7,7,256,0.001,Binary,Downsampling,53.28,0.6898345351219177,0.5729166666666666,0.5612244897959183,0.5057471264367817,0.5176470588235295
191,FER_Daisee_Results/FER_Daisee_Results_Window_7/LSTM_with_return_sequences4_Window_7_Binary_Downsampling_256_1e-03,LSTM_with_return_sequences4,7,9,256,0.001,Binary,Downsampling,54.92,0.7024049758911133,0.6153846153846154,0.4081632653061225,0.5084745762711864,0.7058823529411765
192,FER_Daisee_Results/FER_Daisee_Results_Window_7/LSTM_with_return_sequences_Window_7_Binary_Oversampling_32_1e-03,LSTM_with_return_sequences,7,29,32,0.001,Binary,Oversampling,97.26,0.0983368679881096,0.9710074110269566,0.9756955810147301,0.9753178758414359,0.9705590473040028
193,FER_Daisee_Results/FER_Daisee_Results_Window_7/Convolutional_Network_Window_7_Binary_Oversampling_32_1e-03,Convolutional_Network,7,49,32,0.001,Binary,Oversampling,91.73,0.23120065033435824,0.9010919946578678,0.9386252045826514,0.9352499352499352,0.8958815745947734
194,FER_Daisee_Results/FER_Daisee_Results_Window_7/LSTM_Window_7_Binary_Oversampling_32_1e-03,LSTM,7,40,32,0.001,Binary,Oversampling,97.81,0.06096461042761803,0.9604381747970684,0.9972995090016368,0.9971608018583844,0.9584849487264308
195,FER_Daisee_Results/FER_Daisee_Results_Window_7/LSTM_with_return_sequences2_Window_7_Binary_Oversampling_32_1e-03,LSTM_with_return_sequences2,7,27,32,0.001,Binary,Oversampling,97.68,0.05958566814661026,0.9715210355987056,0.9826513911620296,0.9822623828647924,0.9708898445253059
196,FER_Daisee_Results/FER_Daisee_Results_Window_7/LSTM_with_return_sequences3_Window_7_Binary_Oversampling_32_1e-03,LSTM_with_return_sequences3,7,28,32,0.001,Binary,Oversampling,98.12,0.056113246828317635,0.9649746995572422,0.9987725040916532,0.9987139917695472,0.9633642077406552
197,FER_Daisee_Results/FER_Daisee_Results_Window_7/LSTM_with_return_sequences4_Window_7_Binary_Oversampling_32_1e-03,LSTM_with_return_sequences4,7,32,32,0.001,Binary,Oversampling,98.08,0.05505343526601792,0.9739516129032258,0.9882978723404257,0.9879952988582942,0.9732881243797552
198,FER_Daisee_Results/FER_Daisee_Results_Window_7/LSTM_with_return_sequences_Window_7_Binary_Oversampling_64_1e-03,LSTM_with_return_sequences,7,22,64,0.001,Binary,Oversampling,97.03,0.0771925151348114,0.9544017701912438,0.9882978723404257,0.9877337450677648,0.9522825008269932
199,FER_Daisee_Results/FER_Daisee_Results_Window_7/Convolutional_Network_Window_7_Binary_Oversampling_64_1e-03,Convolutional_Network,7,18,64,0.001,Binary,Oversampling,90.64,0.251944363117218,0.8662054754194878,0.9631751227495908,0.9580380455054084,0.8496526629176315
200,FER_Daisee_Results/FER_Daisee_Results_Window_7/LSTM_Window_7_Binary_Oversampling_64_1e-03,LSTM,7,52,64,0.001,Binary,Oversampling,97.71,0.0687275305390358,0.9589860662835552,0.9968903436988544,0.9967266775777414,0.95691366192524
201,FER_Daisee_Results/FER_Daisee_Results_Window_7/LSTM_with_return_sequences2_Window_7_Binary_Oversampling_64_1e-03,LSTM_with_return_sequences2,7,31,64,0.001,Binary,Oversampling,98.12,0.05732871219515801,0.967342073897497,0.9962356792144026,0.996077428157244,0.9660105855110817
202,FER_Daisee_Results/FER_Daisee_Results_Window_7/LSTM_with_return_sequences3_Window_7_Binary_Oversampling_64_1e-03,LSTM_with_return_sequences3,7,22,64,0.001,Binary,Oversampling,97.85,0.06537801027297974,0.9630303989867004,0.9954991816693944,0.9952910958904108,0.961379424412835
203,FER_Daisee_Results/FER_Daisee_Results_Window_7/LSTM_with_return_sequences4_Window_7_Binary_Oversampling_64_1e-03,LSTM_with_return_sequences4,7,21,64,0.001,Binary,Oversampling,97.72,0.0642848089337349,0.958418487659173,0.9977905073649754,0.9976704055220016,0.9562520674826333
204,FER_Daisee_Results/FER_Daisee_Results_Window_7/LSTM_with_return_sequences_Window_7_Binary_Oversampling_128_1e-03,LSTM_with_return_sequences,7,40,128,0.001,Binary,Oversampling,97.54,0.07405942678451538,0.9702193088937444,0.9810965630114566,0.9806775407779172,0.9695666556400926
205,FER_Daisee_Results/FER_Daisee_Results_Window_7/Convolutional_Network_Window_7_Binary_Oversampling_128_1e-03,Convolutional_Network,7,25,128,0.001,Binary,Oversampling,91.94,0.21643199026584625,0.8711803041274438,0.984533551554828,0.9820034279184916,0.8528779358253391
206,FER_Daisee_Results/FER_Daisee_Results_Window_7/LSTM_Window_7_Binary_Oversampling_128_1e-03,LSTM,7,25,128,0.001,Binary,Oversampling,95.22,0.1291746199131012,0.9405017921146952,0.9662847790507364,0.964957046865697,0.9382236189216012
207,FER_Daisee_Results/FER_Daisee_Results_Window_7/LSTM_with_return_sequences2_Window_7_Binary_Oversampling_128_1e-03,LSTM_with_return_sequences2,7,22,128,0.001,Binary,Oversampling,96.9,0.09616375714540484,0.9441518202943456,0.9974631751227496,0.997281178740572,0.9403738008600728
208,FER_Daisee_Results/FER_Daisee_Results_Window_7/LSTM_with_return_sequences3_Window_7_Binary_Oversampling_128_1e-03,LSTM_with_return_sequences3,7,35,128,0.001,Binary,Oversampling,97.91,0.0550236850976944,0.9670627641757716,0.9923076923076924,0.9920156289815679,0.96584518690043
209,FER_Daisee_Results/FER_Daisee_Results_Window_7/LSTM_with_return_sequences4_Window_7_Binary_Oversampling_128_1e-03,LSTM_with_return_sequences4,7,30,128,0.001,Binary,Oversampling,97.7,0.05501894652843475,0.9743694060211554,0.9799509001636658,0.9796206953917818,0.973949718822362
210,FER_Daisee_Results/FER_Daisee_Results_Window_7/LSTM_with_return_sequences_Window_7_Binary_Oversampling_256_1e-03,LSTM_with_return_sequences,7,36,256,0.001,Binary,Oversampling,96.56,0.08855143934488298,0.955943607818007,0.9765957446808512,0.975820087926953,0.9545153820707906
211,FER_Daisee_Results/FER_Daisee_Results_Window_7/Convolutional_Network_Window_7_Binary_Oversampling_256_1e-03,Convolutional_Network,7,25,256,0.001,Binary,Oversampling,91.46,0.2401522696018219,0.8669261822376009,0.9841243862520458,0.9814176245210728,0.8473370823685081
212,FER_Daisee_Results/FER_Daisee_Results_Window_7/LSTM_Window_7_Binary_Oversampling_256_1e-03,LSTM,7,47,256,0.001,Binary,Oversampling,95.65,0.1047445759177208,0.954934398174558,0.9589198036006548,0.9583091105389918,0.9542672841548132
213,FER_Daisee_Results/FER_Daisee_Results_Window_7/LSTM_with_return_sequences2_Window_7_Binary_Oversampling_256_1e-03,LSTM_with_return_sequences2,7,33,256,0.001,Binary,Oversampling,97.66,0.06568584591150284,0.9590260814750612,0.9959901800327332,0.9957834953962654,0.9569963612305656
214,FER_Daisee_Results/FER_Daisee_Results_Window_7/LSTM_with_return_sequences3_Window_7_Binary_Oversampling_256_1e-03,LSTM_with_return_sequences3,7,34,256,0.001,Binary,Oversampling,97.15,0.07776180654764175,0.9510133813287424,0.9945171849427168,0.9941905835428768,0.9482302348660272
215,FER_Daisee_Results/FER_Daisee_Results_Window_7/LSTM_with_return_sequences4_Window_7_Binary_Oversampling_256_1e-03,LSTM_with_return_sequences4,7,35,256,0.001,Binary,Oversampling,97.68,0.06801189482212068,0.9578194957191108,0.997872340425532,0.9977549434418445,0.9555904730400264
216,FER_Daisee_Results/FER_Daisee_Results_Window_9/LSTM_with_return_sequences_Window_9_Binary_No_sampling_32_1e-03,LSTM_with_return_sequences,9,9,32,0.001,Binary,No_sampling,99.28,0.043106909841299064,0.0,0.0,0.99278813444006,1.0
217,FER_Daisee_Results/FER_Daisee_Results_Window_9/Convolutional_Network_Window_9_Binary_No_sampling_32_1e-03,Convolutional_Network,9,8,32,0.001,Binary,No_sampling,99.28,0.04519505053758621,0.0,0.0,0.99278813444006,1.0
218,FER_Daisee_Results/FER_Daisee_Results_Window_9/LSTM_Window_9_Binary_No_sampling_32_1e-03,LSTM,9,8,32,0.001,Binary,No_sampling,99.28,0.0425395704805851,0.0,0.0,0.99278813444006,1.0
219,FER_Daisee_Results/FER_Daisee_Results_Window_9/LSTM_with_return_sequences2_Window_9_Binary_No_sampling_32_1e-03,LSTM_with_return_sequences2,9,19,32,0.001,Binary,No_sampling,99.28,0.052093517035245895,0.0,0.0,0.99278813444006,1.0
220,FER_Daisee_Results/FER_Daisee_Results_Window_9/LSTM_with_return_sequences3_Window_9_Binary_No_sampling_32_1e-03,LSTM_with_return_sequences3,9,11,32,0.001,Binary,No_sampling,99.28,0.04322180524468422,0.0,0.0,0.99278813444006,1.0
221,FER_Daisee_Results/FER_Daisee_Results_Window_9/LSTM_with_return_sequences4_Window_9_Binary_No_sampling_32_1e-03,LSTM_with_return_sequences4,9,7,32,0.001,Binary,No_sampling,99.28,0.04464901611208917,0.0,0.0,0.99278813444006,1.0
222,FER_Daisee_Results/FER_Daisee_Results_Window_9/LSTM_with_return_sequences_Window_9_Binary_No_sampling_64_1e-03,LSTM_with_return_sequences,9,18,64,0.001,Binary,No_sampling,99.28,0.048029135912656784,0.0,0.0,0.99278813444006,1.0
223,FER_Daisee_Results/FER_Daisee_Results_Window_9/Convolutional_Network_Window_9_Binary_No_sampling_64_1e-03,Convolutional_Network,9,11,64,0.001,Binary,No_sampling,99.28,0.04603647813200951,0.0,0.0,0.99278813444006,1.0
224,FER_Daisee_Results/FER_Daisee_Results_Window_9/LSTM_Window_9_Binary_No_sampling_64_1e-03,LSTM,9,8,64,0.001,Binary,No_sampling,99.28,0.04299578070640564,0.0,0.0,0.99278813444006,1.0
225,FER_Daisee_Results/FER_Daisee_Results_Window_9/LSTM_with_return_sequences2_Window_9_Binary_No_sampling_64_1e-03,LSTM_with_return_sequences2,9,9,64,0.001,Binary,No_sampling,99.28,0.04513873159885407,0.0,0.0,0.99278813444006,1.0
226,FER_Daisee_Results/FER_Daisee_Results_Window_9/LSTM_with_return_sequences3_Window_9_Binary_No_sampling_64_1e-03,LSTM_with_return_sequences3,9,11,64,0.001,Binary,No_sampling,99.28,0.04659231752157211,0.0,0.0,0.99278813444006,1.0
227,FER_Daisee_Results/FER_Daisee_Results_Window_9/LSTM_with_return_sequences4_Window_9_Binary_No_sampling_64_1e-03,LSTM_with_return_sequences4,9,10,64,0.001,Binary,No_sampling,99.28,0.04386125504970551,0.0,0.0,0.99278813444006,1.0
228,FER_Daisee_Results/FER_Daisee_Results_Window_9/LSTM_with_return_sequences_Window_9_Binary_No_sampling_128_1e-03,LSTM_with_return_sequences,9,7,128,0.001,Binary,No_sampling,99.28,0.04625153541564941,0.0,0.0,0.99278813444006,1.0
229,FER_Daisee_Results/FER_Daisee_Results_Window_9/Convolutional_Network_Window_9_Binary_No_sampling_128_1e-03,Convolutional_Network,9,7,128,0.001,Binary,No_sampling,99.28,0.047078706324100494,0.0,0.0,0.99278813444006,1.0
230,FER_Daisee_Results/FER_Daisee_Results_Window_9/LSTM_Window_9_Binary_No_sampling_128_1e-03,LSTM,9,9,128,0.001,Binary,No_sampling,99.28,0.04270350188016892,0.0,0.0,0.99278813444006,1.0
231,FER_Daisee_Results/FER_Daisee_Results_Window_9/LSTM_with_return_sequences2_Window_9_Binary_No_sampling_128_1e-03,LSTM_with_return_sequences2,9,8,128,0.001,Binary,No_sampling,99.28,0.04275777190923692,0.0,0.0,0.99278813444006,1.0
232,FER_Daisee_Results/FER_Daisee_Results_Window_9/LSTM_with_return_sequences3_Window_9_Binary_No_sampling_128_1e-03,LSTM_with_return_sequences3,9,6,128,0.001,Binary,No_sampling,99.28,0.04510807991027832,0.0,0.0,0.99278813444006,1.0
233,FER_Daisee_Results/FER_Daisee_Results_Window_9/LSTM_with_return_sequences4_Window_9_Binary_No_sampling_128_1e-03,LSTM_with_return_sequences4,9,21,128,0.001,Binary,No_sampling,99.28,0.04416350647807121,0.0,0.0,0.99278813444006,1.0
234,FER_Daisee_Results/FER_Daisee_Results_Window_9/LSTM_with_return_sequences_Window_9_Binary_No_sampling_256_1e-03,LSTM_with_return_sequences,9,11,256,0.001,Binary,No_sampling,99.28,0.04440344870090485,0.0,0.0,0.99278813444006,1.0
235,FER_Daisee_Results/FER_Daisee_Results_Window_9/Convolutional_Network_Window_9_Binary_No_sampling_256_1e-03,Convolutional_Network,9,8,256,0.001,Binary,No_sampling,99.28,0.049922101199626916,0.0,0.0,0.99278813444006,1.0
236,FER_Daisee_Results/FER_Daisee_Results_Window_9/LSTM_Window_9_Binary_No_sampling_256_1e-03,LSTM,9,13,256,0.001,Binary,No_sampling,99.28,0.043747954070568085,0.0,0.0,0.99278813444006,1.0
237,FER_Daisee_Results/FER_Daisee_Results_Window_9/LSTM_with_return_sequences2_Window_9_Binary_No_sampling_256_1e-03,LSTM_with_return_sequences2,9,8,256,0.001,Binary,No_sampling,99.28,0.04256117343902588,0.0,0.0,0.99278813444006,1.0
238,FER_Daisee_Results/FER_Daisee_Results_Window_9/LSTM_with_return_sequences3_Window_9_Binary_No_sampling_256_1e-03,LSTM_with_return_sequences3,9,13,256,0.001,Binary,No_sampling,99.28,0.04437849298119545,0.0,0.0,0.99278813444006,1.0
239,FER_Daisee_Results/FER_Daisee_Results_Window_9/LSTM_with_return_sequences4_Window_9_Binary_No_sampling_256_1e-03,LSTM_with_return_sequences4,9,7,256,0.001,Binary,No_sampling,99.28,0.042806461453437805,0.0,0.0,0.99278813444006,1.0
240,FER_Daisee_Results/FER_Daisee_Results_Window_9/LSTM_with_return_sequences_Window_9_Binary_Downsampling_32_1e-03,LSTM_with_return_sequences,9,7,32,0.001,Binary,Downsampling,50.0,0.6978421211242676,0.7083333333333334,0.26153846153846155,0.4418604651162791,0.8444444444444444
241,FER_Daisee_Results/FER_Daisee_Results_Window_9/Convolutional_Network_Window_9_Binary_Downsampling_32_1e-03,Convolutional_Network,9,6,32,0.001,Binary,Downsampling,49.09,0.9252564907073976,0.5769230769230769,0.4615384615384616,0.3965517241379311,0.5111111111111111
242,FER_Daisee_Results/FER_Daisee_Results_Window_9/LSTM_Window_9_Binary_Downsampling_32_1e-03,LSTM,9,16,32,0.001,Binary,Downsampling,46.82,0.7271925210952759,0.6521739130434783,0.2307692307692308,0.4252873563218391,0.8222222222222222
243,FER_Daisee_Results/FER_Daisee_Results_Window_9/LSTM_with_return_sequences2_Window_9_Binary_Downsampling_32_1e-03,LSTM_with_return_sequences2,9,8,32,0.001,Binary,Downsampling,40.91,0.7564125657081604,0.0,0.0,0.4090909090909091,1.0
244,FER_Daisee_Results/FER_Daisee_Results_Window_9/LSTM_with_return_sequences3_Window_9_Binary_Downsampling_32_1e-03,LSTM_with_return_sequences3,9,14,32,0.001,Binary,Downsampling,44.55,0.7015795707702637,0.625,0.15384615384615385,0.4148936170212766,0.8666666666666667
245,FER_Daisee_Results/FER_Daisee_Results_Window_9/LSTM_with_return_sequences4_Window_9_Binary_Downsampling_32_1e-03,LSTM_with_return_sequences4,9,8,32,0.001,Binary,Downsampling,52.73,0.7480061650276184,0.7142857142857143,0.3076923076923077,0.451219512195122,0.8222222222222222
246,FER_Daisee_Results/FER_Daisee_Results_Window_9/LSTM_with_return_sequences_Window_9_Binary_Downsampling_64_1e-03,LSTM_with_return_sequences,9,9,64,0.001,Binary,Downsampling,49.09,0.7267853617668152,0.7272727272727273,0.2461538461538461,0.4431818181818182,0.8666666666666667
247,FER_Daisee_Results/FER_Daisee_Results_Window_9/Convolutional_Network_Window_9_Binary_Downsampling_64_1e-03,Convolutional_Network,9,9,64,0.001,Binary,Downsampling,47.73,0.9877219200134276,0.5652173913043478,0.4,0.390625,0.5555555555555556
248,FER_Daisee_Results/FER_Daisee_Results_Window_9/LSTM_Window_9_Binary_Downsampling_64_1e-03,LSTM,9,16,64,0.001,Binary,Downsampling,50.91,0.7224879860877991,0.6486486486486487,0.3692307692307693,0.4383561643835616,0.7111111111111111
249,FER_Daisee_Results/FER_Daisee_Results_Window_9/LSTM_with_return_sequences2_Window_9_Binary_Downsampling_64_1e-03,LSTM_with_return_sequences2,9,8,64,0.001,Binary,Downsampling,50.45,0.7071125507354736,0.6470588235294118,0.3384615384615385,0.4342105263157895,0.7333333333333333
250,FER_Daisee_Results/FER_Daisee_Results_Window_9/LSTM_with_return_sequences3_Window_9_Binary_Downsampling_64_1e-03,LSTM_with_return_sequences3,9,13,64,0.001,Binary,Downsampling,49.09,0.6983875036239624,0.8125,0.2,0.44680851063829785,0.9333333333333332
251,FER_Daisee_Results/FER_Daisee_Results_Window_9/LSTM_with_return_sequences4_Window_9_Binary_Downsampling_64_1e-03,LSTM_with_return_sequences4,9,19,64,0.001,Binary,Downsampling,52.27,0.7131185531616211,0.6363636363636364,0.4307692307692308,0.4393939393939394,0.6444444444444445
252,FER_Daisee_Results/FER_Daisee_Results_Window_9/LSTM_with_return_sequences_Window_9_Binary_Downsampling_128_1e-03,LSTM_with_return_sequences,9,15,128,0.001,Binary,Downsampling,54.55,0.6589892506599426,0.6190476190476191,0.6,0.44680851063829785,0.4666666666666667
253,FER_Daisee_Results/FER_Daisee_Results_Window_9/Convolutional_Network_Window_9_Binary_Downsampling_128_1e-03,Convolutional_Network,9,9,128,0.001,Binary,Downsampling,48.18,0.8446094393730164,0.5609756097560976,0.3538461538461539,0.39130434782608703,0.6
254,FER_Daisee_Results/FER_Daisee_Results_Window_9/LSTM_Window_9_Binary_Downsampling_128_1e-03,LSTM,9,24,128,0.001,Binary,Downsampling,48.18,0.7406693100929259,0.6,0.3692307692307693,0.4142857142857143,0.6444444444444445
255,FER_Daisee_Results/FER_Daisee_Results_Window_9/LSTM_with_return_sequences2_Window_9_Binary_Downsampling_128_1e-03,LSTM_with_return_sequences2,9,9,128,0.001,Binary,Downsampling,55.0,0.6847618818283081,0.7,0.4307692307692308,0.4714285714285714,0.7333333333333333
256,FER_Daisee_Results/FER_Daisee_Results_Window_9/LSTM_with_return_sequences3_Window_9_Binary_Downsampling_128_1e-03,LSTM_with_return_sequences3,9,9,128,0.001,Binary,Downsampling,47.27,0.702410876750946,0.5675675675675675,0.3230769230769231,0.3972602739726027,0.6444444444444445
257,FER_Daisee_Results/FER_Daisee_Results_Window_9/LSTM_with_return_sequences4_Window_9_Binary_Downsampling_128_1e-03,LSTM_with_return_sequences4,9,10,128,0.001,Binary,Downsampling,46.82,0.7088823318481445,0.7333333333333333,0.16923076923076924,0.43157894736842106,0.9111111111111112
258,FER_Daisee_Results/FER_Daisee_Results_Window_9/LSTM_with_return_sequences_Window_9_Binary_Downsampling_256_1e-03,LSTM_with_return_sequences,9,13,256,0.001,Binary,Downsampling,49.55,0.705209493637085,0.6046511627906976,0.4,0.41791044776119396,0.6222222222222222
259,FER_Daisee_Results/FER_Daisee_Results_Window_9/Convolutional_Network_Window_9_Binary_Downsampling_256_1e-03,Convolutional_Network,9,12,256,0.001,Binary,Downsampling,47.27,0.7935963273048401,0.55,0.3384615384615385,0.3857142857142857,0.6
260,FER_Daisee_Results/FER_Daisee_Results_Window_9/LSTM_Window_9_Binary_Downsampling_256_1e-03,LSTM,9,17,256,0.001,Binary,Downsampling,48.18,0.7188047170639038,0.6551724137931034,0.2923076923076923,0.4320987654320987,0.7777777777777778
261,FER_Daisee_Results/FER_Daisee_Results_Window_9/LSTM_with_return_sequences2_Window_9_Binary_Downsampling_256_1e-03,LSTM_with_return_sequences2,9,14,256,0.001,Binary,Downsampling,50.45,0.7042659521102905,0.6363636363636364,0.3230769230769231,0.42857142857142855,0.7333333333333333
262,FER_Daisee_Results/FER_Daisee_Results_Window_9/LSTM_with_return_sequences3_Window_9_Binary_Downsampling_256_1e-03,LSTM_with_return_sequences3,9,8,256,0.001,Binary,Downsampling,52.73,0.7055736780166626,0.7826086956521741,0.2769230769230769,0.4597701149425287,0.8888888888888888
263,FER_Daisee_Results/FER_Daisee_Results_Window_9/LSTM_with_return_sequences4_Window_9_Binary_Downsampling_256_1e-03,LSTM_with_return_sequences4,9,12,256,0.001,Binary,Downsampling,46.36,0.7337352633476257,0.6875,0.3384615384615385,0.4487179487179487,0.7777777777777778
264,FER_Daisee_Results/FER_Daisee_Results_Window_9/LSTM_with_return_sequences_Window_9_Binary_Oversampling_32_1e-03,LSTM_with_return_sequences,9,20,32,0.001,Binary,Oversampling,97.85,0.062104865908622735,0.9623310145688412,0.9963310232368529,0.9961256995264745,0.9602987965140408
265,FER_Daisee_Results/FER_Daisee_Results_Window_9/Convolutional_Network_Window_9_Binary_Oversampling_32_1e-03,Convolutional_Network,9,16,32,0.001,Binary,Oversampling,95.52,0.15087948739528656,0.9391361256544504,0.9749966027992932,0.973517559009787,0.935675750449578
266,FER_Daisee_Results/FER_Daisee_Results_Window_9/LSTM_Window_9_Binary_Oversampling_32_1e-03,LSTM,9,32,32,0.001,Binary,Oversampling,98.47,0.04976814612746239,0.9813790311698826,0.988313629569235,0.9880172774139612,0.9809102227140684
267,FER_Daisee_Results/FER_Daisee_Results_Window_9/LSTM_with_return_sequences2_Window_9_Binary_Oversampling_32_1e-03,LSTM_with_return_sequences2,9,19,32,0.001,Binary,Oversampling,99.06,0.035001326352357864,0.9877093462992976,0.9937491506998234,0.9935968819599108,0.987411813528842
268,FER_Daisee_Results/FER_Daisee_Results_Window_9/LSTM_with_return_sequences3_Window_9_Binary_Oversampling_32_1e-03,LSTM_with_return_sequences3,9,16,32,0.001,Binary,Oversampling,98.51,0.04117047786712647,0.9898477157360406,0.9804321239298818,0.9802712700369912,0.9897634527597178
269,FER_Daisee_Results/FER_Daisee_Results_Window_9/LSTM_with_return_sequences4_Window_9_Binary_Oversampling_32_1e-03,LSTM_with_return_sequences4,9,25,32,0.001,Binary,Oversampling,98.6,0.041575413197278976,0.9750398300584174,0.9979616795760292,0.997874149659864,0.9739936367409048
270,FER_Daisee_Results/FER_Daisee_Results_Window_9/LSTM_with_return_sequences_Window_9_Binary_Oversampling_64_1e-03,LSTM_with_return_sequences,9,28,64,0.001,Binary,Oversampling,98.48,0.045269232243299484,0.9820343104146968,0.9879059654844408,0.9876130828114128,0.9816018813113848
271,FER_Daisee_Results/FER_Daisee_Results_Window_9/Convolutional_Network_Window_9_Binary_Oversampling_64_1e-03,Convolutional_Network,9,13,64,0.001,Binary,Oversampling,95.27,0.1564442366361618,0.9215314632297196,0.9910313901345292,0.9901108780341624,0.9140960022133076
272,FER_Daisee_Results/FER_Daisee_Results_Window_9/LSTM_Window_9_Binary_Oversampling_64_1e-03,LSTM,9,23,64,0.001,Binary,Oversampling,97.07,0.0958995521068573,0.9679945982444296,0.9740453866014404,0.9734094389530836,0.9672153824872044
273,FER_Daisee_Results/FER_Daisee_Results_Window_9/LSTM_with_return_sequences2_Window_9_Binary_Oversampling_64_1e-03,LSTM_with_return_sequences2,9,14,64,0.001,Binary,Oversampling,97.74,0.06338295340538025,0.960445317616241,0.9964669112651175,0.9962606069322596,0.9582238207220916
274,FER_Daisee_Results/FER_Daisee_Results_Window_9/LSTM_with_return_sequences3_Window_9_Binary_Oversampling_64_1e-03,LSTM_with_return_sequences3,9,18,64,0.001,Binary,Oversampling,98.5,0.04614848643541336,0.9781676935440664,0.9923902704171762,0.9921370401572592,0.9774519297274864
275,FER_Daisee_Results/FER_Daisee_Results_Window_9/LSTM_with_return_sequences4_Window_9_Binary_Oversampling_64_1e-03,LSTM_with_return_sequences4,9,26,64,0.001,Binary,Oversampling,98.81,0.0386962965130806,0.9826682789197904,0.993885038728088,0.99370188943317,0.9821552081892376
276,FER_Daisee_Results/FER_Daisee_Results_Window_9/LSTM_with_return_sequences_Window_9_Binary_Oversampling_128_1e-03,LSTM_with_return_sequences,9,25,128,0.001,Binary,Oversampling,98.19,0.05339885130524635,0.9663467858551334,0.9989128957738824,0.9988540323735856,0.964587079817402
277,FER_Daisee_Results/FER_Daisee_Results_Window_9/Convolutional_Network_Window_9_Binary_Oversampling_128_1e-03,Convolutional_Network,9,25,128,0.001,Binary,Oversampling,96.96,0.10796302556991576,0.9640846957920128,0.9775784753363228,0.9768453550378894,0.9629270991838428
278,FER_Daisee_Results/FER_Daisee_Results_Window_9/LSTM_Window_9_Binary_Oversampling_128_1e-03,LSTM,9,33,128,0.001,Binary,Oversampling,96.97,0.0796356350183487,0.959468438538206,0.9811115640712054,0.9803199773467364,0.9578088255637016
279,FER_Daisee_Results/FER_Daisee_Results_Window_9/LSTM_with_return_sequences2_Window_9_Binary_Oversampling_128_1e-03,LSTM_with_return_sequences2,9,34,128,0.001,Binary,Oversampling,98.82,0.039092432707548135,0.9829346949744692,0.9940209267563528,0.9938427092079484,0.9824318716281644
280,FER_Daisee_Results/FER_Daisee_Results_Window_9/LSTM_with_return_sequences3_Window_9_Binary_Oversampling_128_1e-03,LSTM_with_return_sequences3,9,31,128,0.001,Binary,Oversampling,98.67,0.035565506666898734,0.9755741404486924,0.9986411197173528,0.9985825655563432,0.9745469636187578
281,FER_Daisee_Results/FER_Daisee_Results_Window_9/LSTM_with_return_sequences4_Window_9_Binary_Oversampling_128_1e-03,LSTM_with_return_sequences4,9,36,128,0.001,Binary,Oversampling,99.06,0.030474003404378888,0.9907583582495244,0.9906237260497348,0.9904564315352696,0.9905934430764974
282,FER_Daisee_Results/FER_Daisee_Results_Window_9/LSTM_with_return_sequences_Window_9_Binary_Oversampling_256_1e-03,LSTM_with_return_sequences,9,21,256,0.001,Binary,Oversampling,97.25,0.09163852781057358,0.9605507016150384,0.9860035330887348,0.9853568382143872,0.9587771475999448
283,FER_Daisee_Results/FER_Daisee_Results_Window_9/Convolutional_Network_Window_9_Binary_Oversampling_256_1e-03,Convolutional_Network,9,10,256,0.001,Binary,Oversampling,95.62,0.15595383942127228,0.9344220136299344,0.9874983013996468,0.9864924387020996,0.9294508230737308
284,FER_Daisee_Results/FER_Daisee_Results_Window_9/LSTM_Window_9_Binary_Oversampling_256_1e-03,LSTM,9,27,256,0.001,Binary,Oversampling,94.91,0.12830957770347595,0.9656773104515404,0.9328713140372332,0.933948388822035,0.9662470604509614
285,FER_Daisee_Results/FER_Daisee_Results_Window_9/LSTM_with_return_sequences2_Window_9_Binary_Oversampling_256_1e-03,LSTM_with_return_sequences2,9,32,256,0.001,Binary,Oversampling,98.74,0.03784696012735367,0.9759851399761178,0.999592335915206,0.9995745284356828,0.9749619587771476
286,FER_Daisee_Results/FER_Daisee_Results_Window_9/LSTM_with_return_sequences3_Window_9_Binary_Oversampling_256_1e-03,LSTM_with_return_sequences3,9,36,256,0.001,Binary,Oversampling,98.75,0.035033881664276116,0.9847338557146718,0.9904878380214704,0.9902588366267744,0.9843685157006502
287,FER_Daisee_Results/FER_Daisee_Results_Window_9/LSTM_with_return_sequences4_Window_9_Binary_Oversampling_256_1e-03,LSTM_with_return_sequences4,9,24,256,0.001,Binary,Oversampling,98.0,0.05241057276725769,0.9649953941308068,0.9964669112651175,0.9962798683645728,0.9632037626227694
