Unnamed: 0,pathfile,Model,Data_window,Epochs,Batch_size,Learning_rate,Binary,Tackle_Unbalanced,Accuracy,Loss,Very Low Precision,Very Low Recall,Low Precision,Low Recall,High Precision,High Recall,Very High Precision,Very High Recall
0,FER_Daisee_Results/FER_Daisee_Results_Window_3/LSTM_with_return_sequences_Window_3_Multiclass_No_sampling_32_1e-03,LSTM_with_return_sequences,3,10,32,0.001,Multiclass,No_sampling,5.2,1.2123918533325195,0.0,0.0,0.05198221899664338,1.0,0.0,0.0,0.0,0.0
1,FER_Daisee_Results/FER_Daisee_Results_Window_3/Convolutional_Network_Window_3_Multiclass_No_sampling_32_1e-03,Convolutional_Network,3,12,32,0.001,Multiclass,No_sampling,50.19,0.9039985537528992,0.0,0.0,0.0,0.0,0.5019051075024947,1.0,0.0,0.0
2,FER_Daisee_Results/FER_Daisee_Results_Window_3/LSTM_Window_3_Multiclass_No_sampling_32_1e-03,LSTM,3,18,32,0.001,Multiclass,No_sampling,53.14,0.8896197080612183,0.0,0.0,0.0,0.0,0.541909071320836,0.6818798011748758,0.5134802412901638,0.43142325196524617
3,FER_Daisee_Results/FER_Daisee_Results_Window_3/LSTM_with_return_sequences2_Window_3_Multiclass_No_sampling_32_1e-03,LSTM_with_return_sequences2,3,25,32,0.001,Multiclass,No_sampling,53.7,0.8875759840011597,0.0,0.0,0.0,0.0,0.5368988651326102,0.7738816086760054,0.5371494177464327,0.3387463798096814
4,FER_Daisee_Results/FER_Daisee_Results_Window_3/LSTM_with_return_sequences3_Window_3_Multiclass_No_sampling_32_1e-03,LSTM_with_return_sequences3,3,36,32,0.001,Multiclass,No_sampling,53.84,0.8881254196166992,0.0,0.0,0.0,0.0,0.5357379418317577,0.8040668775417985,0.5464239749954035,0.30740587505171696
5,FER_Daisee_Results/FER_Daisee_Results_Window_3/LSTM_with_return_sequences4_Window_3_Multiclass_No_sampling_32_1e-03,LSTM_with_return_sequences4,3,29,32,0.001,Multiclass,No_sampling,54.33,0.8902932405471802,0.0,0.0,0.0,0.0,0.5384243011012949,0.8041572525982829,0.5579710144927537,0.31857674803475383
6,FER_Daisee_Results/FER_Daisee_Results_Window_3/LSTM_with_return_sequences_Window_3_Multiclass_No_sampling_64_1e-03,LSTM_with_return_sequences,3,8,64,0.001,Multiclass,No_sampling,50.19,0.9012237787246704,0.0,0.0,0.0,0.0,0.5019051075024947,1.0,0.0,0.0
7,FER_Daisee_Results/FER_Daisee_Results_Window_3/Convolutional_Network_Window_3_Multiclass_No_sampling_64_1e-03,Convolutional_Network,3,14,64,0.001,Multiclass,No_sampling,52.13,0.8951309323310852,0.0,0.0,0.0,0.0,0.5322758620689655,0.6975146859466788,0.5001325205406838,0.3903599503516757
8,FER_Daisee_Results/FER_Daisee_Results_Window_3/LSTM_Window_3_Multiclass_No_sampling_64_1e-03,LSTM,3,31,64,0.001,Multiclass,No_sampling,53.82,0.8873340487480164,0.0,0.0,0.0,0.0,0.5384324358408474,0.7717126073203796,0.5379143088116409,0.34412494828299545
9,FER_Daisee_Results/FER_Daisee_Results_Window_3/LSTM_with_return_sequences2_Window_3_Multiclass_No_sampling_64_1e-03,LSTM_with_return_sequences2,3,17,64,0.001,Multiclass,No_sampling,52.87,0.8928734660148621,0.0,0.0,0.0,0.0,0.5216185092127303,0.9005874378671487,0.5747790618626785,0.17490690939180806
10,FER_Daisee_Results/FER_Daisee_Results_Window_3/LSTM_with_return_sequences3_Window_3_Multiclass_No_sampling_64_1e-03,LSTM_with_return_sequences3,3,36,64,0.001,Multiclass,No_sampling,54.25,0.8868644237518309,0.0,0.0,0.0,0.0,0.5369036372224847,0.8217803886127428,0.5610567514677104,0.2965453040959868
11,FER_Daisee_Results/FER_Daisee_Results_Window_3/LSTM_with_return_sequences4_Window_3_Multiclass_No_sampling_64_1e-03,LSTM_with_return_sequences4,3,11,64,0.001,Multiclass,No_sampling,53.27,0.8905636668205261,0.0,0.0,0.0,0.0,0.5298311225384211,0.8194306371441482,0.5424690857490371,0.276789408357468
12,FER_Daisee_Results/FER_Daisee_Results_Window_3/LSTM_with_return_sequences_Window_3_Multiclass_No_sampling_128_1e-03,LSTM_with_return_sequences,3,16,128,0.001,Multiclass,No_sampling,50.19,0.8974851369857788,0.0,0.0,0.0,0.0,0.5019051075024947,1.0,0.0,0.0
13,FER_Daisee_Results/FER_Daisee_Results_Window_3/Convolutional_Network_Window_3_Multiclass_No_sampling_128_1e-03,Convolutional_Network,3,15,128,0.001,Multiclass,No_sampling,52.93,0.8915035128593445,0.0,0.0,0.0,0.0,0.5315068493150685,0.7714414821509263,0.5233879051119278,0.32405875051717004
14,FER_Daisee_Results/FER_Daisee_Results_Window_3/LSTM_Window_3_Multiclass_No_sampling_128_1e-03,LSTM,3,14,128,0.001,Multiclass,No_sampling,52.86,0.8900756239891052,0.0,0.0,0.0,0.0,0.5357238247863247,0.7250790781744239,0.5135785007072136,0.3755688870500621
15,FER_Daisee_Results/FER_Daisee_Results_Window_3/LSTM_with_return_sequences2_Window_3_Multiclass_No_sampling_128_1e-03,LSTM_with_return_sequences2,3,21,128,0.001,Multiclass,No_sampling,53.41,0.8904517889022827,0.0,0.0,0.0,0.0,0.5358888113219521,0.7631269769543606,0.5296549530927015,0.3445386843194042
16,FER_Daisee_Results/FER_Daisee_Results_Window_3/LSTM_with_return_sequences3_Window_3_Multiclass_No_sampling_128_1e-03,LSTM_with_return_sequences3,3,26,128,0.001,Multiclass,No_sampling,53.14,0.8932153582572937,0.0,0.0,0.0,0.0,0.5254757856633576,0.8658834161771352,0.5599265670076056,0.22083160943318164
17,FER_Daisee_Results/FER_Daisee_Results_Window_3/LSTM_with_return_sequences4_Window_3_Multiclass_No_sampling_128_1e-03,LSTM_with_return_sequences4,3,30,128,0.001,Multiclass,No_sampling,53.85,0.8869839906692505,0.0,0.0,0.0,0.0,0.5356905006962523,0.7996384997740623,0.5467534816422499,0.3126810095159289
18,FER_Daisee_Results/FER_Daisee_Results_Window_3/LSTM_with_return_sequences_Window_3_Multiclass_No_sampling_256_1e-03,LSTM_with_return_sequences,3,7,256,0.001,Multiclass,No_sampling,52.65,0.8985937833786011,0.0,0.0,0.0,0.0,0.5339694912976278,0.7181201988251242,0.5110956036287508,0.3787753413322301
19,FER_Daisee_Results/FER_Daisee_Results_Window_3/Convolutional_Network_Window_3_Multiclass_No_sampling_256_1e-03,Convolutional_Network,3,20,256,0.001,Multiclass,No_sampling,52.82,0.8923417329788208,0.0,0.0,0.0,0.0,0.5232065187469029,0.8588341617713511,0.5516353335050219,0.22155564749689705
20,FER_Daisee_Results/FER_Daisee_Results_Window_3/LSTM_Window_3_Multiclass_No_sampling_256_1e-03,LSTM,3,21,256,0.001,Multiclass,No_sampling,53.23,0.8901330232620239,0.0,0.0,0.0,0.0,0.5337989523571963,0.7736104835065521,0.5284525790349418,0.3285064129085644
21,FER_Daisee_Results/FER_Daisee_Results_Window_3/LSTM_with_return_sequences2_Window_3_Multiclass_No_sampling_256_1e-03,LSTM_with_return_sequences2,3,10,256,0.001,Multiclass,No_sampling,52.95,0.8961101770401001,0.0,0.0,0.0,0.0,0.5240983606557377,0.8667871667419792,0.5560597971169248,0.2154530409598676
22,FER_Daisee_Results/FER_Daisee_Results_Window_3/LSTM_with_return_sequences3_Window_3_Multiclass_No_sampling_256_1e-03,LSTM_with_return_sequences3,3,6,256,0.001,Multiclass,No_sampling,50.19,0.8994603157043457,0.0,0.0,0.0,0.0,0.5019051075024947,1.0,0.0,0.0
23,FER_Daisee_Results/FER_Daisee_Results_Window_3/LSTM_with_return_sequences4_Window_3_Multiclass_No_sampling_256_1e-03,LSTM_with_return_sequences4,3,20,256,0.001,Multiclass,No_sampling,53.5,0.8920941352844238,0.0,0.0,0.0,0.0,0.5312645823611759,0.8231360144600091,0.5479396164830681,0.27782374844848984
24,FER_Daisee_Results/FER_Daisee_Results_Window_3/LSTM_with_return_sequences_Window_3_Multiclass_Downsampling_32_1e-03,LSTM_with_return_sequences,3,6,32,0.001,Multiclass,Downsampling,25.04,1.3839761018753052,0.0,0.0,0.2465753424657534,0.32142857142857145,0.2464589235127479,0.5471698113207547,0.27586206896551724,0.1411764705882353
25,FER_Daisee_Results/FER_Daisee_Results_Window_3/Convolutional_Network_Window_3_Multiclass_Downsampling_32_1e-03,Convolutional_Network,3,9,32,0.001,Multiclass,Downsampling,27.77,1.3862228393554688,0.2828685258964144,0.8765432098765432,0.2582781456953642,0.23214285714285715,0.2,0.006289308176100629,1.0,0.005882352941176471
26,FER_Daisee_Results/FER_Daisee_Results_Window_3/LSTM_Window_3_Multiclass_Downsampling_32_1e-03,LSTM,3,11,32,0.001,Multiclass,Downsampling,28.07,1.3966200351715088,0.2992125984251969,0.2345679012345679,0.2987012987012987,0.27380952380952384,0.2490421455938697,0.4088050314465409,0.3076923076923077,0.21176470588235294
27,FER_Daisee_Results/FER_Daisee_Results_Window_3/LSTM_with_return_sequences2_Window_3_Multiclass_Downsampling_32_1e-03,LSTM_with_return_sequences2,3,22,32,0.001,Multiclass,Downsampling,26.86,1.386221170425415,0.2852852852852853,0.5864197530864198,0.17647058823529413,0.03571428571428571,0.25539568345323743,0.4465408805031447,0.35714285714285715,0.029411764705882363
28,FER_Daisee_Results/FER_Daisee_Results_Window_3/LSTM_with_return_sequences3_Window_3_Multiclass_Downsampling_32_1e-03,LSTM_with_return_sequences3,3,11,32,0.001,Multiclass,Downsampling,26.4,1.391514539718628,0.1111111111111111,0.006172839506172839,0.2571428571428571,0.26785714285714285,0.23109243697479,0.34591194968553457,0.3080168776371308,0.4294117647058823
29,FER_Daisee_Results/FER_Daisee_Results_Window_3/LSTM_with_return_sequences4_Window_3_Multiclass_Downsampling_32_1e-03,LSTM_with_return_sequences4,3,8,32,0.001,Multiclass,Downsampling,26.4,1.3985114097595217,0.32653061224489793,0.09876543209876544,0.2803030303030303,0.2202380952380953,0.2396907216494845,0.5849056603773585,0.3111111111111111,0.16470588235294115
30,FER_Daisee_Results/FER_Daisee_Results_Window_3/LSTM_with_return_sequences_Window_3_Multiclass_Downsampling_64_1e-03,LSTM_with_return_sequences,3,8,64,0.001,Multiclass,Downsampling,24.43,1.3821197748184204,1.0,0.012345679012345678,0.0,0.0,0.2420091324200913,1.0,0.0,0.0
31,FER_Daisee_Results/FER_Daisee_Results_Window_3/Convolutional_Network_Window_3_Multiclass_Downsampling_64_1e-03,Convolutional_Network,3,6,64,0.001,Multiclass,Downsampling,28.07,1.4012973308563232,0.28651685393258425,0.6296296296296297,0.2777777777777778,0.05952380952380953,0.25806451612903225,0.3018867924528302,0.30864197530864196,0.14705882352941174
32,FER_Daisee_Results/FER_Daisee_Results_Window_3/LSTM_Window_3_Multiclass_Downsampling_64_1e-03,LSTM,3,16,64,0.001,Multiclass,Downsampling,27.01,1.3953754901885986,0.3055555555555556,0.2037037037037037,0.2978723404255319,0.25,0.2385964912280701,0.4276729559748428,0.28,0.2058823529411765
33,FER_Daisee_Results/FER_Daisee_Results_Window_3/LSTM_with_return_sequences2_Window_3_Multiclass_Downsampling_64_1e-03,LSTM_with_return_sequences2,3,7,64,0.001,Multiclass,Downsampling,26.86,1.3816020488739014,0.30612244897959184,0.2777777777777778,0.2333333333333333,0.08333333333333333,0.21787709497206706,0.2452830188679245,0.2893772893772894,0.4647058823529412
34,FER_Daisee_Results/FER_Daisee_Results_Window_3/LSTM_with_return_sequences3_Window_3_Multiclass_Downsampling_64_1e-03,LSTM_with_return_sequences3,3,7,64,0.001,Multiclass,Downsampling,27.77,1.3881332874298096,0.28193832599118945,0.3950617283950617,0.25892857142857145,0.17261904761904762,0.2272727272727273,0.220125786163522,0.3313253012048193,0.3235294117647059
35,FER_Daisee_Results/FER_Daisee_Results_Window_3/LSTM_with_return_sequences4_Window_3_Multiclass_Downsampling_64_1e-03,LSTM_with_return_sequences4,3,9,64,0.001,Multiclass,Downsampling,27.62,1.3866002559661863,0.3486238532110092,0.2345679012345679,0.2874251497005988,0.2857142857142857,0.21008403361344533,0.31446540880503143,0.31724137931034485,0.27058823529411763
36,FER_Daisee_Results/FER_Daisee_Results_Window_3/LSTM_with_return_sequences_Window_3_Multiclass_Downsampling_128_1e-03,LSTM_with_return_sequences,3,16,128,0.001,Multiclass,Downsampling,25.34,1.395705223083496,0.2756183745583039,0.4814814814814815,0.20930232558139536,0.05357142857142857,0.2370820668693009,0.490566037735849,0.5,0.011764705882352941
37,FER_Daisee_Results/FER_Daisee_Results_Window_3/Convolutional_Network_Window_3_Multiclass_Downsampling_128_1e-03,Convolutional_Network,3,7,128,0.001,Multiclass,Downsampling,27.01,1.4190621376037598,0.3435114503816794,0.2777777777777778,0.25,0.3154761904761905,0.20930232558139536,0.22641509433962265,0.3055555555555556,0.25882352941176473
38,FER_Daisee_Results/FER_Daisee_Results_Window_3/LSTM_Window_3_Multiclass_Downsampling_128_1e-03,LSTM,3,7,128,0.001,Multiclass,Downsampling,27.62,1.3915575742721558,0.3113207547169811,0.2037037037037037,0.26424870466321243,0.3035714285714285,0.25391849529780564,0.5094339622641509,0.4146341463414634,0.1
39,FER_Daisee_Results/FER_Daisee_Results_Window_3/LSTM_with_return_sequences2_Window_3_Multiclass_Downsampling_128_1e-03,LSTM_with_return_sequences2,3,7,128,0.001,Multiclass,Downsampling,27.01,1.3901079893112185,0.4,0.012345679012345678,0.2703412073490813,0.6130952380952381,0.375,0.018867924528301886,0.2641509433962264,0.4117647058823529
40,FER_Daisee_Results/FER_Daisee_Results_Window_3/LSTM_with_return_sequences3_Window_3_Multiclass_Downsampling_128_1e-03,LSTM_with_return_sequences3,3,8,128,0.001,Multiclass,Downsampling,23.98,1.3890352249145508,0.2608695652173913,0.3703703703703704,0.11363636363636365,0.029761904761904764,0.2464589235127479,0.5471698113207547,0.1875,0.035294117647058816
41,FER_Daisee_Results/FER_Daisee_Results_Window_3/LSTM_with_return_sequences4_Window_3_Multiclass_Downsampling_128_1e-03,LSTM_with_return_sequences4,3,9,128,0.001,Multiclass,Downsampling,27.77,1.3834505081176758,0.294478527607362,0.2962962962962963,0.3017241379310345,0.2083333333333333,0.22666666666666666,0.3207547169811321,0.3161290322580645,0.28823529411764703
42,FER_Daisee_Results/FER_Daisee_Results_Window_3/LSTM_with_return_sequences_Window_3_Multiclass_Downsampling_256_1e-03,LSTM_with_return_sequences,3,6,256,0.001,Multiclass,Downsampling,26.71,1.4016510248184204,0.312,0.2407407407407408,0.0,0.0,0.2514450867052023,0.5471698113207547,0.26595744680851063,0.29411764705882354
43,FER_Daisee_Results/FER_Daisee_Results_Window_3/Convolutional_Network_Window_3_Multiclass_Downsampling_256_1e-03,Convolutional_Network,3,10,256,0.001,Multiclass,Downsampling,27.62,1.385880947113037,0.3333333333333333,0.19753086419753085,0.27722772277227725,0.16666666666666666,0.2215189873417721,0.220125786163522,0.28618421052631576,0.5117647058823529
44,FER_Daisee_Results/FER_Daisee_Results_Window_3/LSTM_Window_3_Multiclass_Downsampling_256_1e-03,LSTM,3,12,256,0.001,Multiclass,Downsampling,27.47,1.387189269065857,0.5555555555555556,0.12345679012345676,0.2529761904761905,0.5059523809523809,0.25619834710743805,0.389937106918239,0.3111111111111111,0.08235294117647059
45,FER_Daisee_Results/FER_Daisee_Results_Window_3/LSTM_with_return_sequences2_Window_3_Multiclass_Downsampling_256_1e-03,LSTM_with_return_sequences2,3,12,256,0.001,Multiclass,Downsampling,26.1,1.3922371864318848,0.2727272727272727,0.5925925925925926,0.0,0.0,0.24302788844621515,0.3836477987421384,0.2777777777777778,0.08823529411764706
46,FER_Daisee_Results/FER_Daisee_Results_Window_3/LSTM_with_return_sequences3_Window_3_Multiclass_Downsampling_256_1e-03,LSTM_with_return_sequences3,3,7,256,0.001,Multiclass,Downsampling,23.82,1.3900396823883057,0.24497991967871485,0.3765432098765432,0.2127659574468085,0.05952380952380953,0.2261904761904762,0.4779874213836478,0.3703703703703704,0.05882352941176471
47,FER_Daisee_Results/FER_Daisee_Results_Window_3/LSTM_with_return_sequences4_Window_3_Multiclass_Downsampling_256_1e-03,LSTM_with_return_sequences4,3,7,256,0.001,Multiclass,Downsampling,26.56,1.395676612854004,0.2756892230576441,0.6790123456790124,0.0,0.0,0.2406639004149377,0.3647798742138365,0.3684210526315789,0.041176470588235294
48,FER_Daisee_Results/FER_Daisee_Results_Window_3/LSTM_with_return_sequences_Window_3_Multiclass_Oversampling_32_1e-03,LSTM_with_return_sequences,3,6,32,0.001,Multiclass,Oversampling,24.71,1.3863197565078735,0.24708587560331485,1.0,0.0,0.0,0.0,0.0,0.0,0.0
49,FER_Daisee_Results/FER_Daisee_Results_Window_3/Convolutional_Network_Window_3_Multiclass_Oversampling_32_1e-03,Convolutional_Network,3,6,32,0.001,Multiclass,Oversampling,24.71,1.3863197565078735,0.24708587560331485,1.0,0.0,0.0,0.0,0.0,0.0,0.0
50,FER_Daisee_Results/FER_Daisee_Results_Window_3/LSTM_Window_3_Multiclass_Oversampling_32_1e-03,LSTM,3,30,32,0.001,Multiclass,Oversampling,54.65,0.9936662912368774,0.6587509223854565,0.9048189440707638,0.5485634927523653,0.5766423357664233,0.4043977055449331,0.38370827285921627,0.5166287663445139,0.32786145936682604
51,FER_Daisee_Results/FER_Daisee_Results_Window_3/LSTM_with_return_sequences2_Window_3_Multiclass_Oversampling_32_1e-03,LSTM_with_return_sequences2,3,6,32,0.001,Multiclass,Oversampling,24.71,1.3863197565078735,0.24708587560331485,1.0,0.0,0.0,0.0,0.0,0.0,0.0
52,FER_Daisee_Results/FER_Daisee_Results_Window_3/LSTM_with_return_sequences3_Window_3_Multiclass_Oversampling_32_1e-03,LSTM_with_return_sequences3,3,31,32,0.001,Multiclass,Oversampling,58.8,0.9387404918670654,0.7694267515923567,0.8904450382382751,0.6047264486888961,0.6817518248175183,0.4227115716753023,0.5328374455732946,0.5512519561815337,0.2541715522684225
53,FER_Daisee_Results/FER_Daisee_Results_Window_3/LSTM_with_return_sequences4_Window_3_Multiclass_Oversampling_32_1e-03,LSTM_with_return_sequences4,3,26,32,0.001,Multiclass,Oversampling,58.18,0.9260875582695008,0.7354983202687569,0.907767437574864,0.63315748339195,0.5913321167883212,0.4098469237562555,0.5051705370101597,0.5448173005219985,0.3294849824118337
54,FER_Daisee_Results/FER_Daisee_Results_Window_3/LSTM_with_return_sequences_Window_3_Multiclass_Oversampling_64_1e-03,LSTM_with_return_sequences,3,6,64,0.001,Multiclass,Oversampling,24.71,1.386291742324829,0.24708587560331485,1.0,0.0,0.0,0.0,0.0,0.0,0.0
55,FER_Daisee_Results/FER_Daisee_Results_Window_3/Convolutional_Network_Window_3_Multiclass_Oversampling_64_1e-03,Convolutional_Network,3,6,64,0.001,Multiclass,Oversampling,24.71,1.386291742324829,0.24708587560331485,1.0,0.0,0.0,0.0,0.0,0.0,0.0
56,FER_Daisee_Results/FER_Daisee_Results_Window_3/LSTM_Window_3_Multiclass_Oversampling_64_1e-03,LSTM,3,38,64,0.001,Multiclass,Oversampling,54.32,0.9833086133003236,0.6743774759479344,0.8783746429558648,0.5030529415990229,0.6389598540145985,0.4202846975088968,0.3213896952104499,0.5085383891354041,0.3411202309010553
57,FER_Daisee_Results/FER_Daisee_Results_Window_3/LSTM_with_return_sequences2_Window_3_Multiclass_Oversampling_64_1e-03,LSTM_with_return_sequences2,3,7,64,0.001,Multiclass,Oversampling,24.71,1.386291742324829,0.24708587560331485,1.0,0.0,0.0,0.0,0.0,0.0,0.0
58,FER_Daisee_Results/FER_Daisee_Results_Window_3/LSTM_with_return_sequences3_Window_3_Multiclass_Oversampling_64_1e-03,LSTM_with_return_sequences3,3,31,64,0.001,Multiclass,Oversampling,58.76,0.9393168687820436,0.7626498520940369,0.9026997143646918,0.6149875247354384,0.6521897810218978,0.4132656982553224,0.4877539912917272,0.5409683426443203,0.31442229638315145
59,FER_Daisee_Results/FER_Daisee_Results_Window_3/LSTM_with_return_sequences4_Window_3_Multiclass_Oversampling_64_1e-03,LSTM_with_return_sequences4,3,29,64,0.001,Multiclass,Oversampling,57.0,0.9459896087646484,0.7353424657534247,0.8655671242974293,0.5742397137745975,0.6443430656934307,0.4106818771065595,0.4310595065312046,0.5256868131868132,0.34517903851357445
60,FER_Daisee_Results/FER_Daisee_Results_Window_3/LSTM_with_return_sequences_Window_3_Multiclass_Oversampling_128_1e-03,LSTM_with_return_sequences,3,8,128,0.001,Multiclass,Oversampling,24.71,1.3862920999526978,0.24708587560331485,1.0,0.0,0.0,0.0,0.0,0.0,0.0
61,FER_Daisee_Results/FER_Daisee_Results_Window_3/Convolutional_Network_Window_3_Multiclass_Oversampling_128_1e-03,Convolutional_Network,3,40,128,0.001,Multiclass,Oversampling,41.03,1.190841555595398,0.5424484221119977,0.69529162443564,0.3301846891301283,0.4273722627737225,0.3300029100785721,0.3085994194484761,0.4329467198260239,0.2154775863624064
62,FER_Daisee_Results/FER_Daisee_Results_Window_3/LSTM_Window_3_Multiclass_Oversampling_128_1e-03,LSTM,3,52,128,0.001,Multiclass,Oversampling,54.73,0.9844675064086914,0.7127211457455771,0.8574587671611535,0.4967441222839125,0.6612226277372263,0.4129466710111872,0.34488388969521044,0.5208598500919248,0.3321908541535131
63,FER_Daisee_Results/FER_Daisee_Results_Window_3/LSTM_with_return_sequences2_Window_3_Multiclass_Oversampling_128_1e-03,LSTM_with_return_sequences2,3,31,128,0.001,Multiclass,Oversampling,56.0,1.0261040925979614,0.7371050934880722,0.8427162996406523,0.5708238083142833,0.6151459854014598,0.3898363184505956,0.41264513788098695,0.5175460428073668,0.3751240191214936
64,FER_Daisee_Results/FER_Daisee_Results_Window_3/LSTM_with_return_sequences3_Window_3_Multiclass_Oversampling_128_1e-03,LSTM_with_return_sequences3,3,33,128,0.001,Multiclass,Oversampling,57.4,0.95249742269516,0.7412313713683577,0.9073988758868516,0.5527352297592998,0.6914233576642336,0.4227950467525903,0.4552793904208999,0.5473600949179356,0.2496617660322901
65,FER_Daisee_Results/FER_Daisee_Results_Window_3/LSTM_with_return_sequences4_Window_3_Multiclass_Oversampling_128_1e-03,LSTM_with_return_sequences4,3,33,128,0.001,Multiclass,Oversampling,57.16,0.9363791942596436,0.6933780854485699,0.9136644245830646,0.6471582505810268,0.5589416058394161,0.4015181156585022,0.4654390420899855,0.5330712930333423,0.3547397853341752
66,FER_Daisee_Results/FER_Daisee_Results_Window_3/LSTM_with_return_sequences_Window_3_Multiclass_Oversampling_256_1e-03,LSTM_with_return_sequences,3,36,256,0.001,Multiclass,Oversampling,53.28,1.0270925760269165,0.6383319454230991,0.918179305261218,0.5432925645505727,0.5106751824817518,0.3744296670226192,0.34987300435413643,0.5167315175097277,0.3593397672950302
67,FER_Daisee_Results/FER_Daisee_Results_Window_3/Convolutional_Network_Window_3_Multiclass_Oversampling_256_1e-03,Convolutional_Network,3,47,256,0.001,Multiclass,Oversampling,41.27,1.1867518424987793,0.5248658087046498,0.7478116649774256,0.3471409275101306,0.3517335766423358,0.3254883720930233,0.3173984034833092,0.4020587344838026,0.2395598448633535
68,FER_Daisee_Results/FER_Daisee_Results_Window_3/LSTM_Window_3_Multiclass_Oversampling_256_1e-03,LSTM,3,80,256,0.001,Multiclass,Oversampling,55.43,0.9779126048088074,0.7061503416856492,0.8854694554501059,0.5893186003683242,0.5547445255474452,0.3885345364032358,0.4531023222060958,0.5124614953794455,0.33011635248489224
69,FER_Daisee_Results/FER_Daisee_Results_Window_3/LSTM_with_return_sequences2_Window_3_Multiclass_Oversampling_256_1e-03,LSTM_with_return_sequences2,3,34,256,0.001,Multiclass,Oversampling,55.83,0.9988610744476318,0.6759152737362116,0.9202985349672902,0.5849417334304443,0.5862226277372263,0.3939923157527069,0.409288824383164,0.5359856951274028,0.32443402182736536
70,FER_Daisee_Results/FER_Daisee_Results_Window_3/LSTM_with_return_sequences3_Window_3_Multiclass_Oversampling_256_1e-03,LSTM_with_return_sequences3,3,37,256,0.001,Multiclass,Oversampling,57.4,0.94564288854599,0.7293761088113542,0.9091495439049112,0.5765371137304874,0.6604927007299269,0.4120091595284539,0.4406748911465893,0.5369482559100678,0.2929557138991612
71,FER_Daisee_Results/FER_Daisee_Results_Window_3/LSTM_with_return_sequences4_Window_3_Multiclass_Oversampling_256_1e-03,LSTM_with_return_sequences4,3,41,256,0.001,Multiclass,Oversampling,57.5,0.9496252536773682,0.7193586176599795,0.9052796461807796,0.6311442786069652,0.5787408759124087,0.4035881088294165,0.4938316400580551,0.5415489817154749,0.3285830251646072
72,FER_Daisee_Results/FER_Daisee_Results_Window_5/LSTM_with_return_sequences_Window_5_Multiclass_No_sampling_32_1e-03,LSTM_with_return_sequences,5,15,32,0.001,Multiclass,No_sampling,49.97,0.9081869125366212,0.0,0.0,0.0,0.0,0.4996792441826559,1.0,0.0,0.0
73,FER_Daisee_Results/FER_Daisee_Results_Window_5/Convolutional_Network_Window_5_Multiclass_No_sampling_32_1e-03,Convolutional_Network,5,6,32,0.001,Multiclass,No_sampling,51.72,0.9015341997146606,0.0,0.0,0.0,0.0,0.5263021283959163,0.7099673202614379,0.4984791554839864,0.3701833643369652
74,FER_Daisee_Results/FER_Daisee_Results_Window_5/LSTM_Window_5_Multiclass_No_sampling_32_1e-03,LSTM,5,20,32,0.001,Multiclass,No_sampling,53.39,0.8907027244567871,0.0,0.0,0.5,0.0010940919037199122,0.5297448227720468,0.7971521942110178,0.5463311382878645,0.3086633005580654
75,FER_Daisee_Results/FER_Daisee_Results_Window_5/LSTM_with_return_sequences2_Window_5_Multiclass_No_sampling_32_1e-03,LSTM_with_return_sequences2,5,21,32,0.001,Multiclass,No_sampling,53.28,0.8929895758628845,0.0,0.0,0.0,0.0,0.5230240067387337,0.8696311858076564,0.5808341951051361,0.22389051288865267
76,FER_Daisee_Results/FER_Daisee_Results_Window_5/LSTM_with_return_sequences3_Window_5_Multiclass_No_sampling_32_1e-03,LSTM_with_return_sequences3,5,19,32,0.001,Multiclass,No_sampling,49.97,0.8976354002952576,0.0,0.0,0.0,0.0,0.4996792441826559,1.0,0.0,0.0
77,FER_Daisee_Results/FER_Daisee_Results_Window_5/LSTM_with_return_sequences4_Window_5_Multiclass_No_sampling_32_1e-03,LSTM_with_return_sequences4,5,11,32,0.001,Multiclass,No_sampling,49.97,0.90379399061203,0.0,0.0,0.0,0.0,0.4996792441826559,1.0,0.0,0.0
78,FER_Daisee_Results/FER_Daisee_Results_Window_5/LSTM_with_return_sequences_Window_5_Multiclass_No_sampling_64_1e-03,LSTM_with_return_sequences,5,22,64,0.001,Multiclass,No_sampling,49.97,0.8986688852310181,0.0,0.0,0.0,0.0,0.4996792441826559,1.0,0.0,0.0
79,FER_Daisee_Results/FER_Daisee_Results_Window_5/Convolutional_Network_Window_5_Multiclass_No_sampling_64_1e-03,Convolutional_Network,5,16,64,0.001,Multiclass,No_sampling,51.96,0.9005324840545654,0.0,0.0,0.0,0.0,0.5243194637456061,0.7485994397759104,0.5077330077330078,0.3315174063247409
80,FER_Daisee_Results/FER_Daisee_Results_Window_5/LSTM_Window_5_Multiclass_No_sampling_64_1e-03,LSTM,5,26,64,0.001,Multiclass,No_sampling,53.44,0.890488862991333,1.0,0.007194244604316547,0.4,0.002188183807439825,0.5279252336448598,0.8241129785247432,0.5573552841210834,0.2788998139782089
81,FER_Daisee_Results/FER_Daisee_Results_Window_5/LSTM_with_return_sequences2_Window_5_Multiclass_No_sampling_64_1e-03,LSTM_with_return_sequences2,5,36,64,0.001,Multiclass,No_sampling,53.33,0.8969679474830627,0.0,0.0,0.0,0.0,0.5236895514031773,0.8733660130718954,0.5817290864543228,0.22083444060589955
82,FER_Daisee_Results/FER_Daisee_Results_Window_5/LSTM_with_return_sequences3_Window_5_Multiclass_No_sampling_64_1e-03,LSTM_with_return_sequences3,5,24,64,0.001,Multiclass,No_sampling,49.97,0.8950634598731995,0.0,0.0,0.0,0.0,0.4996792441826559,1.0,0.0,0.0
83,FER_Daisee_Results/FER_Daisee_Results_Window_5/LSTM_with_return_sequences4_Window_5_Multiclass_No_sampling_64_1e-03,LSTM_with_return_sequences4,5,19,64,0.001,Multiclass,No_sampling,53.34,0.8940989971160889,0.0,0.0,0.0,0.0,0.5263157894736842,0.8345004668534081,0.5606400898371702,0.2653467977677385
84,FER_Daisee_Results/FER_Daisee_Results_Window_5/LSTM_with_return_sequences_Window_5_Multiclass_No_sampling_128_1e-03,LSTM_with_return_sequences,5,7,128,0.001,Multiclass,No_sampling,49.97,0.9038166403770448,0.0,0.0,0.0,0.0,0.4996792441826559,1.0,0.0,0.0
85,FER_Daisee_Results/FER_Daisee_Results_Window_5/Convolutional_Network_Window_5_Multiclass_No_sampling_128_1e-03,Convolutional_Network,5,18,128,0.001,Multiclass,No_sampling,50.05,0.9009592533111572,0.0,0.0,0.0,0.0,0.5003817018028069,0.9945144724556492,0.5169491525423728,0.008105235184693062
86,FER_Daisee_Results/FER_Daisee_Results_Window_5/LSTM_Window_5_Multiclass_No_sampling_128_1e-03,LSTM,5,20,128,0.001,Multiclass,No_sampling,53.3,0.8922802805900574,0.0,0.0,0.0,0.0,0.5276672422854569,0.8202614379084967,0.5514629049111808,0.28049428647355834
87,FER_Daisee_Results/FER_Daisee_Results_Window_5/LSTM_with_return_sequences2_Window_5_Multiclass_No_sampling_128_1e-03,LSTM_with_return_sequences2,5,37,128,0.001,Multiclass,No_sampling,53.96,0.8931713104248047,0.0,0.0,0.0,0.0,0.532292298362644,0.8195611577964519,0.5638432364096081,0.2963061387191071
88,FER_Daisee_Results/FER_Daisee_Results_Window_5/LSTM_with_return_sequences3_Window_5_Multiclass_No_sampling_128_1e-03,LSTM_with_return_sequences3,5,19,128,0.001,Multiclass,No_sampling,49.97,0.8986632227897644,0.0,0.0,0.0,0.0,0.4996792441826559,1.0,0.0,0.0
89,FER_Daisee_Results/FER_Daisee_Results_Window_5/LSTM_with_return_sequences4_Window_5_Multiclass_No_sampling_128_1e-03,LSTM_with_return_sequences4,5,28,128,0.001,Multiclass,No_sampling,53.35,0.8930823802947998,0.0,0.0,0.0,0.0,0.5259318695747319,0.8415032679738562,0.5636998254799301,0.257507307998937
90,FER_Daisee_Results/FER_Daisee_Results_Window_5/LSTM_with_return_sequences_Window_5_Multiclass_No_sampling_256_1e-03,LSTM_with_return_sequences,5,9,256,0.001,Multiclass,No_sampling,50.32,0.9240795969963074,0.0,0.0,0.0,0.0,0.5403286978508217,0.4988328664799253,0.4714734221067446,0.5786606431039064
91,FER_Daisee_Results/FER_Daisee_Results_Window_5/Convolutional_Network_Window_5_Multiclass_No_sampling_256_1e-03,Convolutional_Network,5,16,256,0.001,Multiclass,No_sampling,52.18,0.8999128937721252,0.0,0.0,0.0,0.0,0.5229809839094619,0.7928338001867413,0.5182780182780182,0.28634068562317305
92,FER_Daisee_Results/FER_Daisee_Results_Window_5/LSTM_Window_5_Multiclass_No_sampling_256_1e-03,LSTM,5,46,256,0.001,Multiclass,No_sampling,53.46,0.8907698988914491,0.0,0.0,0.3333333333333333,0.0010940919037199122,0.5287365002643305,0.817110177404295,0.5544452984883423,0.2875365399946851
93,FER_Daisee_Results/FER_Daisee_Results_Window_5/LSTM_with_return_sequences2_Window_5_Multiclass_No_sampling_256_1e-03,LSTM_with_return_sequences2,5,26,256,0.001,Multiclass,No_sampling,53.05,0.8941376805305481,0.0,0.0,0.0,0.0,0.525,0.8357843137254902,0.5517536355859709,0.2571086898750997
94,FER_Daisee_Results/FER_Daisee_Results_Window_5/LSTM_with_return_sequences3_Window_5_Multiclass_No_sampling_256_1e-03,LSTM_with_return_sequences3,5,30,256,0.001,Multiclass,No_sampling,49.97,0.8974447250366211,0.0,0.0,0.0,0.0,0.4996792441826559,1.0,0.0,0.0
95,FER_Daisee_Results/FER_Daisee_Results_Window_5/LSTM_with_return_sequences4_Window_5_Multiclass_No_sampling_256_1e-03,LSTM_with_return_sequences4,5,10,256,0.001,Multiclass,No_sampling,52.94,0.9012117981910706,0.0,0.0,0.0,0.0,0.5396233451426441,0.6755368814192344,0.5122255100451643,0.4370183364336965
96,FER_Daisee_Results/FER_Daisee_Results_Window_5/LSTM_with_return_sequences_Window_5_Multiclass_Downsampling_32_1e-03,LSTM_with_return_sequences,5,11,32,0.001,Multiclass,Downsampling,26.9,1.3859219551086426,0.2,0.008064516129032258,0.2707889125799573,0.9270072992700732,0.25,0.07258064516129033,0.3333333333333333,0.0078125
97,FER_Daisee_Results/FER_Daisee_Results_Window_5/Convolutional_Network_Window_5_Multiclass_Downsampling_32_1e-03,Convolutional_Network,5,6,32,0.001,Multiclass,Downsampling,26.9,1.3979170322418213,0.2222222222222222,0.04838709677419355,0.625,0.072992700729927,0.24937027707808565,0.7983870967741935,0.3150684931506849,0.1796875
98,FER_Daisee_Results/FER_Daisee_Results_Window_5/LSTM_Window_5_Multiclass_Downsampling_32_1e-03,LSTM,5,11,32,0.001,Multiclass,Downsampling,26.51,1.390533685684204,0.23493975903614456,0.3145161290322581,0.3097345132743363,0.2554744525547445,0.25149700598802394,0.3387096774193548,0.29850746268656714,0.15625
99,FER_Daisee_Results/FER_Daisee_Results_Window_5/LSTM_with_return_sequences2_Window_5_Multiclass_Downsampling_32_1e-03,LSTM_with_return_sequences2,5,10,32,0.001,Multiclass,Downsampling,24.17,1.3882570266723633,0.2519685039370079,0.25806451612903225,0.2589641434262948,0.4744525547445255,0.2,0.024193548387096774,0.2,0.1875
100,FER_Daisee_Results/FER_Daisee_Results_Window_5/LSTM_with_return_sequences3_Window_5_Multiclass_Downsampling_32_1e-03,LSTM_with_return_sequences3,5,9,32,0.001,Multiclass,Downsampling,27.88,1.3876240253448486,0.4666666666666667,0.05645161290322581,0.3055555555555556,0.6423357664233577,0.23125,0.2983870967741936,0.22,0.0859375
101,FER_Daisee_Results/FER_Daisee_Results_Window_5/LSTM_with_return_sequences4_Window_5_Multiclass_Downsampling_32_1e-03,LSTM_with_return_sequences4,5,6,32,0.001,Multiclass,Downsampling,24.56,1.3919531106948853,0.2457142857142857,0.3467741935483871,0.3103448275862069,0.06569343065693431,0.2340425531914893,0.1774193548387097,0.2418604651162791,0.40625
102,FER_Daisee_Results/FER_Daisee_Results_Window_5/LSTM_with_return_sequences_Window_5_Multiclass_Downsampling_64_1e-03,LSTM_with_return_sequences,5,14,64,0.001,Multiclass,Downsampling,28.85,1.4039011001586914,0.32142857142857145,0.07258064516129033,0.2860310421286031,0.9416058394160584,0.21428571428571427,0.024193548387096774,0.35,0.0546875
103,FER_Daisee_Results/FER_Daisee_Results_Window_5/Convolutional_Network_Window_5_Multiclass_Downsampling_64_1e-03,Convolutional_Network,5,9,64,0.001,Multiclass,Downsampling,25.93,1.4868620634078982,0.25,0.3629032258064516,0.2777777777777778,0.10948905109489053,0.2,0.04838709677419355,0.26907630522088355,0.5234375
104,FER_Daisee_Results/FER_Daisee_Results_Window_5/LSTM_Window_5_Multiclass_Downsampling_64_1e-03,LSTM,5,7,64,0.001,Multiclass,Downsampling,23.59,1.3921295404434204,0.2206896551724138,0.25806451612903225,0.2235294117647059,0.1386861313868613,0.2352941176470588,0.3548387096774194,0.2708333333333333,0.203125
105,FER_Daisee_Results/FER_Daisee_Results_Window_5/LSTM_with_return_sequences2_Window_5_Multiclass_Downsampling_64_1e-03,LSTM_with_return_sequences2,5,10,64,0.001,Multiclass,Downsampling,26.71,1.3886467218399048,0.3157894736842105,0.04838709677419355,0.28426395939086296,0.4087591240875912,0.25961538461538464,0.2177419354838709,0.2487046632124353,0.375
106,FER_Daisee_Results/FER_Daisee_Results_Window_5/LSTM_with_return_sequences3_Window_5_Multiclass_Downsampling_64_1e-03,LSTM_with_return_sequences3,5,7,64,0.001,Multiclass,Downsampling,24.17,1.3874993324279783,0.2410714285714285,0.4354838709677419,0.206896551724138,0.043795620437956206,0.23497267759562845,0.3467741935483871,0.2727272727272727,0.1640625
107,FER_Daisee_Results/FER_Daisee_Results_Window_5/LSTM_with_return_sequences4_Window_5_Multiclass_Downsampling_64_1e-03,LSTM_with_return_sequences4,5,14,64,0.001,Multiclass,Downsampling,27.29,1.3842374086380005,0.2829457364341085,0.5887096774193549,0.26666666666666666,0.17518248175182485,0.24390243902439024,0.2419354838709677,0.30952380952380953,0.1015625
108,FER_Daisee_Results/FER_Daisee_Results_Window_5/LSTM_with_return_sequences_Window_5_Multiclass_Downsampling_128_1e-03,LSTM_with_return_sequences,5,7,128,0.001,Multiclass,Downsampling,28.27,1.3864718675613403,0.29347826086956524,0.2177419354838709,0.2898550724637681,0.4379562043795621,0.2453987730061349,0.3225806451612903,0.35294117647058826,0.140625
109,FER_Daisee_Results/FER_Daisee_Results_Window_5/Convolutional_Network_Window_5_Multiclass_Downsampling_128_1e-03,Convolutional_Network,5,6,128,0.001,Multiclass,Downsampling,25.34,1.410144567489624,0.24183006535947715,0.2983870967741936,0.32,0.0583941605839416,0.2419928825622776,0.5483870967741935,0.3148148148148148,0.1328125
110,FER_Daisee_Results/FER_Daisee_Results_Window_5/LSTM_Window_5_Multiclass_Downsampling_128_1e-03,LSTM,5,6,128,0.001,Multiclass,Downsampling,26.32,1.3897678852081299,0.2545454545454545,0.4516129032258064,0.27450980392156865,0.2043795620437956,0.25,0.27419354838709675,0.3090909090909091,0.1328125
111,FER_Daisee_Results/FER_Daisee_Results_Window_5/LSTM_with_return_sequences2_Window_5_Multiclass_Downsampling_128_1e-03,LSTM_with_return_sequences2,5,16,128,0.001,Multiclass,Downsampling,23.98,1.388401985168457,0.21428571428571427,0.024193548387096774,0.0,0.0,0.2357512953367876,0.7338709677419355,0.2566371681415929,0.2265625
112,FER_Daisee_Results/FER_Daisee_Results_Window_5/LSTM_with_return_sequences3_Window_5_Multiclass_Downsampling_128_1e-03,LSTM_with_return_sequences3,5,9,128,0.001,Multiclass,Downsampling,24.76,1.3847053050994873,0.2482758620689655,0.2903225806451613,0.2288135593220339,0.19708029197080293,0.2402234636871509,0.3467741935483871,0.29577464788732394,0.1640625
113,FER_Daisee_Results/FER_Daisee_Results_Window_5/LSTM_with_return_sequences4_Window_5_Multiclass_Downsampling_128_1e-03,LSTM_with_return_sequences4,5,9,128,0.001,Multiclass,Downsampling,28.85,1.3826051950454712,0.32,0.1935483870967742,0.3157894736842105,0.5255474452554745,0.2214765100671141,0.2661290322580645,0.3114754098360656,0.1484375
114,FER_Daisee_Results/FER_Daisee_Results_Window_5/LSTM_with_return_sequences_Window_5_Multiclass_Downsampling_256_1e-03,LSTM_with_return_sequences,5,7,256,0.001,Multiclass,Downsampling,27.29,1.3903571367263794,0.26153846153846155,0.5483870967741935,0.26865671641791045,0.39416058394160586,0.21428571428571427,0.024193548387096774,0.3947368421052632,0.1171875
115,FER_Daisee_Results/FER_Daisee_Results_Window_5/Convolutional_Network_Window_5_Multiclass_Downsampling_256_1e-03,Convolutional_Network,5,8,256,0.001,Multiclass,Downsampling,25.73,1.4124541282653809,0.25,0.4112903225806452,0.3333333333333333,0.12408759124087593,0.23660714285714285,0.4274193548387097,0.3235294117647059,0.0859375
116,FER_Daisee_Results/FER_Daisee_Results_Window_5/LSTM_Window_5_Multiclass_Downsampling_256_1e-03,LSTM,5,8,256,0.001,Multiclass,Downsampling,26.51,1.3907995223999023,0.26,0.3145161290322581,0.2657342657342657,0.2773722627737226,0.2380952380952381,0.28225806451612906,0.3287671232876712,0.1875
117,FER_Daisee_Results/FER_Daisee_Results_Window_5/LSTM_with_return_sequences2_Window_5_Multiclass_Downsampling_256_1e-03,LSTM_with_return_sequences2,5,14,256,0.001,Multiclass,Downsampling,23.98,1.3879377841949463,0.2285714285714285,0.12903225806451613,0.21052631578947367,0.145985401459854,0.23225806451612904,0.5806451612903226,0.3947368421052632,0.1171875
118,FER_Daisee_Results/FER_Daisee_Results_Window_5/LSTM_with_return_sequences3_Window_5_Multiclass_Downsampling_256_1e-03,LSTM_with_return_sequences3,5,11,256,0.001,Multiclass,Downsampling,25.93,1.3840147256851196,0.2303370786516854,0.33064516129032256,0.2743362831858407,0.2262773722627737,0.2272727272727273,0.12096774193548387,0.2948717948717949,0.359375
119,FER_Daisee_Results/FER_Daisee_Results_Window_5/LSTM_with_return_sequences4_Window_5_Multiclass_Downsampling_256_1e-03,LSTM_with_return_sequences4,5,6,256,0.001,Multiclass,Downsampling,29.24,1.3836294412612915,0.25,0.024193548387096774,0.33136094674556216,0.4087591240875912,0.2638888888888889,0.3064516129032258,0.2819148936170213,0.4140625
120,FER_Daisee_Results/FER_Daisee_Results_Window_5/LSTM_with_return_sequences_Window_5_Multiclass_Oversampling_32_1e-03,LSTM_with_return_sequences,5,6,32,0.001,Multiclass,Oversampling,24.82,1.1920930376163594e-07,0.24819248895003365,1.0,0.0,0.0,0.0,0.0,0.0,0.0
121,FER_Daisee_Results/FER_Daisee_Results_Window_5/Convolutional_Network_Window_5_Multiclass_Oversampling_32_1e-03,Convolutional_Network,5,6,32,0.001,Multiclass,Oversampling,24.82,1.3863104581832886,0.24819248895003365,1.0,0.0,0.0,0.0,0.0,0.0,0.0
122,FER_Daisee_Results/FER_Daisee_Results_Window_5/LSTM_Window_5_Multiclass_Oversampling_32_1e-03,LSTM,5,22,32,0.001,Multiclass,Oversampling,62.15,0.877777636051178,0.8482630544024471,0.9157919565986556,0.6590034099659003,0.6989849492474624,0.43337123953272,0.4892623716153128,0.5258606885508407,0.3843183148039789
123,FER_Daisee_Results/FER_Daisee_Results_Window_5/LSTM_with_return_sequences2_Window_5_Multiclass_Oversampling_32_1e-03,LSTM_with_return_sequences2,5,6,32,0.001,Multiclass,Oversampling,24.82,1.3863104581832886,0.24819248895003365,1.0,0.0,0.0,0.0,0.0,0.0,0.0
124,FER_Daisee_Results/FER_Daisee_Results_Window_5/LSTM_with_return_sequences3_Window_5_Multiclass_Oversampling_32_1e-03,LSTM_with_return_sequences3,5,26,32,0.001,Multiclass,Oversampling,67.11,0.788425624370575,0.9020426588421172,0.9426819200377404,0.6849315068493149,0.8633765021584413,0.5043327556325823,0.5094537815126049,0.5421872325860003,0.37074312463428905
125,FER_Daisee_Results/FER_Daisee_Results_Window_5/LSTM_with_return_sequences4_Window_5_Multiclass_Oversampling_32_1e-03,LSTM_with_return_sequences4,5,45,32,0.001,Multiclass,Oversampling,60.52,0.9688912034034728,0.8147453920649796,0.9227503243306994,0.6238851424842289,0.6692334616730836,0.4329423763386028,0.3963585434173669,0.4942834352565807,0.4351082504388532
126,FER_Daisee_Results/FER_Daisee_Results_Window_5/LSTM_with_return_sequences_Window_5_Multiclass_Oversampling_64_1e-03,LSTM_with_return_sequences,5,6,64,0.001,Multiclass,Oversampling,24.82,1.386291742324829,0.24819248895003365,1.0,0.0,0.0,0.0,0.0,0.0,0.0
127,FER_Daisee_Results/FER_Daisee_Results_Window_5/Convolutional_Network_Window_5_Multiclass_Oversampling_64_1e-03,Convolutional_Network,5,8,64,0.001,Multiclass,Oversampling,25.26,1.382056713104248,0.2536021328220951,0.9984668003302276,0.21153846153846154,0.019250962548127408,0.0,0.0,0.0,0.0
128,FER_Daisee_Results/FER_Daisee_Results_Window_5/LSTM_Window_5_Multiclass_Oversampling_64_1e-03,LSTM,5,25,64,0.001,Multiclass,Oversampling,60.27,0.8809594511985779,0.8310611844257825,0.8986908833588867,0.6686843730697962,0.6315482440788706,0.4206185567010309,0.4761904761904762,0.4828448395610501,0.40678759508484497
129,FER_Daisee_Results/FER_Daisee_Results_Window_5/LSTM_with_return_sequences2_Window_5_Multiclass_Oversampling_64_1e-03,LSTM_with_return_sequences2,5,6,64,0.001,Multiclass,Oversampling,24.82,1.386291742324829,0.24819248895003365,1.0,0.0,0.0,0.0,0.0,0.0,0.0
130,FER_Daisee_Results/FER_Daisee_Results_Window_5/LSTM_with_return_sequences3_Window_5_Multiclass_Oversampling_64_1e-03,LSTM_with_return_sequences3,5,24,64,0.001,Multiclass,Oversampling,66.04,0.7768421769142151,0.8668006771053746,0.9662696072650075,0.7107328508816635,0.8135573445338934,0.4733347386172007,0.5241596638655462,0.5365853658536586,0.3398478642480983
131,FER_Daisee_Results/FER_Daisee_Results_Window_5/LSTM_with_return_sequences4_Window_5_Multiclass_Oversampling_64_1e-03,LSTM_with_return_sequences4,5,19,64,0.001,Multiclass,Oversampling,66.14,0.7896931171417236,0.8754223433242507,0.9472815190470576,0.7242720604578795,0.7603546844008867,0.4810376919497441,0.482609710550887,0.5288071409250744,0.4575775307197191
132,FER_Daisee_Results/FER_Daisee_Results_Window_5/LSTM_with_return_sequences_Window_5_Multiclass_Oversampling_128_1e-03,LSTM_with_return_sequences,5,6,128,0.001,Multiclass,Oversampling,24.84,1.3862922191619873,0.2484688644688645,1.0,0.21052631578947367,0.00093338000233345,0.0,0.0,0.0,0.0
133,FER_Daisee_Results/FER_Daisee_Results_Window_5/Convolutional_Network_Window_5_Multiclass_Oversampling_128_1e-03,Convolutional_Network,5,6,128,0.001,Multiclass,Oversampling,24.82,1.3862922191619873,0.24819248895003365,1.0,0.0,0.0,0.0,0.0,0.0,0.0
134,FER_Daisee_Results/FER_Daisee_Results_Window_5/LSTM_Window_5_Multiclass_Oversampling_128_1e-03,LSTM,5,39,128,0.001,Multiclass,Oversampling,62.52,0.8854385614395142,0.8277293482772935,0.9406769666234226,0.6899474689589303,0.6742503791856259,0.4370860927152318,0.4390756302521008,0.5094114528101803,0.4497366881217086
135,FER_Daisee_Results/FER_Daisee_Results_Window_5/LSTM_with_return_sequences2_Window_5_Multiclass_Oversampling_128_1e-03,LSTM_with_return_sequences2,5,23,128,0.001,Multiclass,Oversampling,65.03,0.9100435376167296,0.7978179009365647,0.9745252977945512,0.6931059282852152,0.7870726869676817,0.4800887683392923,0.4544817927170868,0.5558537403555853,0.38782913984786427
136,FER_Daisee_Results/FER_Daisee_Results_Window_5/LSTM_with_return_sequences3_Window_5_Multiclass_Oversampling_128_1e-03,LSTM_with_return_sequences3,5,28,128,0.001,Multiclass,Oversampling,65.95,0.8036017417907715,0.8582924025499007,0.9686283759877344,0.7322808927599347,0.7847392369618481,0.4661071659134926,0.5056022408963585,0.5331152902698283,0.38150965476887067
137,FER_Daisee_Results/FER_Daisee_Results_Window_5/LSTM_with_return_sequences4_Window_5_Multiclass_Oversampling_128_1e-03,LSTM_with_return_sequences4,5,21,128,0.001,Multiclass,Oversampling,65.59,0.8262183666229248,0.8342064714946071,0.9577780398631914,0.6767716926746844,0.7944230544860577,0.5051173043615179,0.37441643323996265,0.5325598802395209,0.4995904037448801
138,FER_Daisee_Results/FER_Daisee_Results_Window_5/LSTM_with_return_sequences_Window_5_Multiclass_Oversampling_256_1e-03,LSTM_with_return_sequences,5,25,256,0.001,Multiclass,Oversampling,60.77,0.8927217125892639,0.7451546020012622,0.9748791131029604,0.6896953985742061,0.620814374052036,0.4337882234015669,0.40067693744164334,0.5027550060475743,0.43779988297249856
139,FER_Daisee_Results/FER_Daisee_Results_Window_5/Convolutional_Network_Window_5_Multiclass_Oversampling_256_1e-03,Convolutional_Network,5,58,256,0.001,Multiclass,Oversampling,42.44,1.1566561460494995,0.5241935483870968,0.7742658332350513,0.3629311373672276,0.3548010733870027,0.3435310602522186,0.17168534080298786,0.381042548451771,0.40035108250438856
140,FER_Daisee_Results/FER_Daisee_Results_Window_5/LSTM_Window_5_Multiclass_Oversampling_256_1e-03,LSTM,5,45,256,0.001,Multiclass,Oversampling,61.5,0.8584417700767517,0.7785157377995957,0.9538860714706924,0.6497156239544999,0.6797339866993349,0.44707520891364905,0.4121148459383753,0.5158488927485888,0.4170860152135752
141,FER_Daisee_Results/FER_Daisee_Results_Window_5/LSTM_with_return_sequences2_Window_5_Multiclass_Oversampling_256_1e-03,LSTM_with_return_sequences2,5,25,256,0.001,Multiclass,Oversampling,63.7,0.8908390998840332,0.7999610060440632,0.96780280693478,0.6898407468423943,0.7328199743320499,0.4591947769314472,0.4432773109243697,0.5327002603767805,0.4070216500877705
142,FER_Daisee_Results/FER_Daisee_Results_Window_5/LSTM_with_return_sequences3_Window_5_Multiclass_Oversampling_256_1e-03,LSTM_with_return_sequences3,5,27,256,0.001,Multiclass,Oversampling,65.11,0.7982243895530701,0.8640251163797771,0.9412666588041042,0.7063025210084034,0.7845058919612647,0.4581538461538461,0.5213585434173671,0.5427864214992928,0.3592744294909304
143,FER_Daisee_Results/FER_Daisee_Results_Window_5/LSTM_with_return_sequences4_Window_5_Multiclass_Oversampling_256_1e-03,LSTM_with_return_sequences4,5,23,256,0.001,Multiclass,Oversampling,63.94,0.8172063827514648,0.7902901465096237,0.9733459134331881,0.7305628353924872,0.683000816707502,0.4688136456211813,0.4298552754435108,0.5163673417399057,0.4744294909303686
144,FER_Daisee_Results/FER_Daisee_Results_Window_7/LSTM_with_return_sequences_Window_7_Multiclass_No_sampling_32_1e-03,LSTM_with_return_sequences,7,8,32,0.001,Multiclass,No_sampling,49.93,0.9026561975479126,0.0,0.0,0.0,0.0,0.4993468321358589,1.0,0.0,0.0
145,FER_Daisee_Results/FER_Daisee_Results_Window_7/Convolutional_Network_Window_7_Multiclass_No_sampling_32_1e-03,Convolutional_Network,7,19,32,0.001,Multiclass,No_sampling,5.29,1.2174885272979736,0.0,0.0,0.0527648452176754,1.0,0.5,0.0003270111183780249,0.0,0.0
146,FER_Daisee_Results/FER_Daisee_Results_Window_7/LSTM_Window_7_Multiclass_No_sampling_32_1e-03,LSTM,7,16,32,0.001,Multiclass,No_sampling,53.35,0.8911042809486389,0.0,0.0,0.0,0.0,0.5306507039130917,0.7827011118378024,0.5413696932135109,0.32405861621220555
147,FER_Daisee_Results/FER_Daisee_Results_Window_7/LSTM_with_return_sequences2_Window_7_Multiclass_No_sampling_32_1e-03,LSTM_with_return_sequences2,7,11,32,0.001,Multiclass,No_sampling,49.93,0.9014775156974792,0.0,0.0,0.0,0.0,0.4993468321358589,1.0,0.0,0.0
148,FER_Daisee_Results/FER_Daisee_Results_Window_7/LSTM_with_return_sequences3_Window_7_Multiclass_No_sampling_32_1e-03,LSTM_with_return_sequences3,7,22,32,0.001,Multiclass,No_sampling,49.91,0.8973300457000732,0.0,0.0,0.0,0.0,0.4993443697754466,0.9962393721386528,0.43478260869565216,0.0037098868484511218
149,FER_Daisee_Results/FER_Daisee_Results_Window_7/LSTM_with_return_sequences4_Window_7_Multiclass_No_sampling_32_1e-03,LSTM_with_return_sequences4,7,15,32,0.001,Multiclass,No_sampling,49.93,0.90427166223526,0.0,0.0,0.0,0.0,0.4993468321358589,1.0,0.0,0.0
150,FER_Daisee_Results/FER_Daisee_Results_Window_7/LSTM_with_return_sequences_Window_7_Multiclass_No_sampling_64_1e-03,LSTM_with_return_sequences,7,11,64,0.001,Multiclass,No_sampling,49.93,0.9084061980247498,0.0,0.0,0.0,0.0,0.4993468321358589,1.0,0.0,0.0
151,FER_Daisee_Results/FER_Daisee_Results_Window_7/Convolutional_Network_Window_7_Multiclass_No_sampling_64_1e-03,Convolutional_Network,7,15,64,0.001,Multiclass,No_sampling,49.89,0.9031074047088624,0.0,0.0,0.0,0.0,0.4991811333114969,0.9967298888162196,0.3888888888888889,0.002596920793915785
152,FER_Daisee_Results/FER_Daisee_Results_Window_7/LSTM_Window_7_Multiclass_No_sampling_64_1e-03,LSTM,7,26,64,0.001,Multiclass,No_sampling,54.26,0.8912994861602783,0.0,0.0,0.0,0.0,0.5373150928706484,0.7898953564421191,0.5576036866359447,0.33667223149693937
153,FER_Daisee_Results/FER_Daisee_Results_Window_7/LSTM_with_return_sequences2_Window_7_Multiclass_No_sampling_64_1e-03,LSTM_with_return_sequences2,7,27,64,0.001,Multiclass,No_sampling,53.85,0.8905520439147949,0.0,0.0,0.0,0.0,0.5366585844590694,0.7599738391105297,0.5427934206858098,0.3611574846967168
154,FER_Daisee_Results/FER_Daisee_Results_Window_7/LSTM_with_return_sequences3_Window_7_Multiclass_No_sampling_64_1e-03,LSTM_with_return_sequences3,7,25,64,0.001,Multiclass,No_sampling,49.93,0.8974437117576599,0.0,0.0,0.0,0.0,0.4993468321358589,1.0,0.0,0.0
155,FER_Daisee_Results/FER_Daisee_Results_Window_7/LSTM_with_return_sequences4_Window_7_Multiclass_No_sampling_64_1e-03,LSTM_with_return_sequences4,7,7,64,0.001,Multiclass,No_sampling,49.93,0.9030480980873108,0.0,0.0,0.0,0.0,0.4993468321358589,1.0,0.0,0.0
156,FER_Daisee_Results/FER_Daisee_Results_Window_7/LSTM_with_return_sequences_Window_7_Multiclass_No_sampling_128_1e-03,LSTM_with_return_sequences,7,17,128,0.001,Multiclass,No_sampling,49.93,0.9000058174133301,0.0,0.0,0.0,0.0,0.4993468321358589,1.0,0.0,0.0
157,FER_Daisee_Results/FER_Daisee_Results_Window_7/Convolutional_Network_Window_7_Multiclass_No_sampling_128_1e-03,Convolutional_Network,7,16,128,0.001,Multiclass,No_sampling,52.94,0.9027928113937378,0.0,0.0,0.0,0.0,0.5279011810597031,0.7965990843688685,0.5339516396157669,0.2990168799851605
158,FER_Daisee_Results/FER_Daisee_Results_Window_7/LSTM_Window_7_Multiclass_No_sampling_128_1e-03,LSTM,7,19,128,0.001,Multiclass,No_sampling,53.31,0.8892101645469666,0.0,0.0,0.0,0.0,0.5256305105597704,0.8382930019620667,0.56214915797915,0.26006306807642365
159,FER_Daisee_Results/FER_Daisee_Results_Window_7/LSTM_with_return_sequences2_Window_7_Multiclass_No_sampling_128_1e-03,LSTM_with_return_sequences2,7,50,128,0.001,Multiclass,No_sampling,54.02,0.9147457480430604,0.0,0.0,0.3,0.01393188854489164,0.5476190476190477,0.684434270765206,0.5292960209881942,0.4490818030050083
160,FER_Daisee_Results/FER_Daisee_Results_Window_7/LSTM_with_return_sequences3_Window_7_Multiclass_No_sampling_128_1e-03,LSTM_with_return_sequences3,7,31,128,0.001,Multiclass,No_sampling,49.95,0.901106595993042,0.0,0.0,0.0,0.0,0.4995097238110802,0.999509483322433,0.625,0.0009274717121127807
161,FER_Daisee_Results/FER_Daisee_Results_Window_7/LSTM_with_return_sequences4_Window_7_Multiclass_No_sampling_128_1e-03,LSTM_with_return_sequences4,7,24,128,0.001,Multiclass,No_sampling,53.55,0.8946498036384583,0.0,0.0,0.0,0.0,0.5423465423465423,0.6847612818835841,0.5243255196815568,0.43980708588388057
162,FER_Daisee_Results/FER_Daisee_Results_Window_7/LSTM_with_return_sequences_Window_7_Multiclass_No_sampling_256_1e-03,LSTM_with_return_sequences,7,7,256,0.001,Multiclass,No_sampling,51.74,0.9027031064033508,0.0,0.0,0.0,0.0,0.5103187845789058,0.9501308044473512,0.610917537746806,0.09757002411426452
163,FER_Daisee_Results/FER_Daisee_Results_Window_7/Convolutional_Network_Window_7_Multiclass_No_sampling_256_1e-03,Convolutional_Network,7,10,256,0.001,Multiclass,No_sampling,52.64,0.9009773731231692,0.0,0.0,0.0,0.0,0.5320114667940755,0.7282537606278614,0.5141898864809081,0.3696902244481544
164,FER_Daisee_Results/FER_Daisee_Results_Window_7/LSTM_Window_7_Multiclass_No_sampling_256_1e-03,LSTM,7,23,256,0.001,Multiclass,No_sampling,53.29,0.8924803137779236,0.0,0.0,0.0,0.0,0.5289416846652267,0.8008502289077829,0.5451807228915663,0.3021702838063439
165,FER_Daisee_Results/FER_Daisee_Results_Window_7/LSTM_with_return_sequences2_Window_7_Multiclass_No_sampling_256_1e-03,LSTM_with_return_sequences2,7,41,256,0.001,Multiclass,No_sampling,53.4,0.8922315835952759,0.0,0.0,0.0,0.0,0.5320775623268698,0.7851536952256377,0.5399192295744021,0.3223891671304025
166,FER_Daisee_Results/FER_Daisee_Results_Window_7/LSTM_with_return_sequences3_Window_7_Multiclass_No_sampling_256_1e-03,LSTM_with_return_sequences3,7,12,256,0.001,Multiclass,No_sampling,49.93,0.8991709351539612,0.0,0.0,0.0,0.0,0.4993468321358589,1.0,0.0,0.0
167,FER_Daisee_Results/FER_Daisee_Results_Window_7/LSTM_with_return_sequences4_Window_7_Multiclass_No_sampling_256_1e-03,LSTM_with_return_sequences4,7,18,256,0.001,Multiclass,No_sampling,53.52,0.8911439776420593,0.0,0.0,0.0,0.0,0.5314020344980097,0.7858077174623938,0.545880149812734,0.32442960489705064
168,FER_Daisee_Results/FER_Daisee_Results_Window_7/LSTM_with_return_sequences_Window_7_Multiclass_Downsampling_32_1e-03,LSTM_with_return_sequences,7,9,32,0.001,Multiclass,Downsampling,25.41,1.3863202333450315,0.2547945205479452,1.0,0.0,0.0,0.0,0.0,0.0,0.0
169,FER_Daisee_Results/FER_Daisee_Results_Window_7/Convolutional_Network_Window_7_Multiclass_Downsampling_32_1e-03,Convolutional_Network,7,7,32,0.001,Multiclass,Downsampling,23.5,1.462721824645996,0.2545454545454545,0.6021505376344086,0.12857142857142856,0.09574468085106384,0.0,0.0,0.27631578947368424,0.2282608695652173
170,FER_Daisee_Results/FER_Daisee_Results_Window_7/LSTM_Window_7_Multiclass_Downsampling_32_1e-03,LSTM,7,8,32,0.001,Multiclass,Downsampling,30.87,1.3654506206512451,0.3015873015873016,0.4086021505376344,0.2631578947368421,0.10638297872340426,0.3157894736842105,0.6206896551724138,0.3548387096774194,0.11956521739130435
171,FER_Daisee_Results/FER_Daisee_Results_Window_7/LSTM_with_return_sequences2_Window_7_Multiclass_Downsampling_32_1e-03,LSTM_with_return_sequences2,7,8,32,0.001,Multiclass,Downsampling,29.51,1.3849852085113523,0.2889733840304182,0.8172043010752689,0.29,0.30851063829787234,0.0,0.0,1.0,0.03260869565217391
172,FER_Daisee_Results/FER_Daisee_Results_Window_7/LSTM_with_return_sequences3_Window_7_Multiclass_Downsampling_32_1e-03,LSTM_with_return_sequences3,7,22,32,0.001,Multiclass,Downsampling,27.87,1.3724138736724854,0.26277372262773724,0.3870967741935484,0.28846153846153844,0.1595744680851064,0.2720588235294117,0.4252873563218391,0.3414634146341464,0.15217391304347827
173,FER_Daisee_Results/FER_Daisee_Results_Window_7/LSTM_with_return_sequences4_Window_7_Multiclass_Downsampling_32_1e-03,LSTM_with_return_sequences4,7,9,32,0.001,Multiclass,Downsampling,33.88,1.3696694374084473,0.4791666666666667,0.24731182795698925,0.29056603773584905,0.8191489361702128,0.4,0.1839080459770115,0.6153846153846154,0.08695652173913042
174,FER_Daisee_Results/FER_Daisee_Results_Window_7/LSTM_with_return_sequences_Window_7_Multiclass_Downsampling_64_1e-03,LSTM_with_return_sequences,7,8,64,0.001,Multiclass,Downsampling,31.69,1.3726654052734375,0.29571984435797666,0.8172043010752689,0.16666666666666666,0.010638297872340424,0.32941176470588235,0.3218390804597701,0.6111111111111112,0.11956521739130435
175,FER_Daisee_Results/FER_Daisee_Results_Window_7/Convolutional_Network_Window_7_Multiclass_Downsampling_64_1e-03,Convolutional_Network,7,6,64,0.001,Multiclass,Downsampling,32.51,1.5245778560638428,0.3442622950819672,0.2258064516129032,0.2843137254901961,0.30851063829787234,0.32,0.4597701149425287,0.3717948717948718,0.31521739130434784
176,FER_Daisee_Results/FER_Daisee_Results_Window_7/LSTM_Window_7_Multiclass_Downsampling_64_1e-03,LSTM,7,13,64,0.001,Multiclass,Downsampling,30.33,1.3622055053710938,0.29457364341085274,0.4086021505376344,0.26,0.13829787234042554,0.3181818181818182,0.5632183908045977,0.3333333333333333,0.11956521739130435
177,FER_Daisee_Results/FER_Daisee_Results_Window_7/LSTM_with_return_sequences2_Window_7_Multiclass_Downsampling_64_1e-03,LSTM_with_return_sequences2,7,6,64,0.001,Multiclass,Downsampling,25.41,1.386191725730896,0.2222222222222222,0.021505376344086027,0.2549019607843137,0.9680851063829788,0.0,0.0,0.0,0.0
178,FER_Daisee_Results/FER_Daisee_Results_Window_7/LSTM_with_return_sequences3_Window_7_Multiclass_Downsampling_64_1e-03,LSTM_with_return_sequences3,7,7,64,0.001,Multiclass,Downsampling,34.15,1.3670978546142578,0.4473684210526316,0.1827956989247312,0.3096774193548387,0.5106382978723404,0.34234234234234234,0.4367816091954023,0.3548387096774194,0.2391304347826087
179,FER_Daisee_Results/FER_Daisee_Results_Window_7/LSTM_with_return_sequences4_Window_7_Multiclass_Downsampling_64_1e-03,LSTM_with_return_sequences4,7,12,64,0.001,Multiclass,Downsampling,25.68,1.412389039993286,0.5714285714285714,0.04301075268817205,0.20634920634920634,0.13829787234042554,0.2366412213740458,0.7126436781609196,0.4411764705882353,0.16304347826086954
180,FER_Daisee_Results/FER_Daisee_Results_Window_7/LSTM_with_return_sequences_Window_7_Multiclass_Downsampling_128_1e-03,LSTM_with_return_sequences,7,11,128,0.001,Multiclass,Downsampling,31.15,1.362562656402588,0.2975778546712803,0.9247311827956988,0.296875,0.20212765957446807,0.5,0.011494252873563218,0.7272727272727273,0.08695652173913042
181,FER_Daisee_Results/FER_Daisee_Results_Window_7/Convolutional_Network_Window_7_Multiclass_Downsampling_128_1e-03,Convolutional_Network,7,6,128,0.001,Multiclass,Downsampling,30.6,1.41389262676239,0.3614457831325301,0.3225806451612903,0.2682926829268293,0.2340425531914893,0.2822085889570552,0.5287356321839081,0.3684210526315789,0.15217391304347827
182,FER_Daisee_Results/FER_Daisee_Results_Window_7/LSTM_Window_7_Multiclass_Downsampling_128_1e-03,LSTM,7,13,128,0.001,Multiclass,Downsampling,28.96,1.3697296380996704,0.2525252525252525,0.26881720430107525,0.3,0.09574468085106384,0.30337078651685395,0.6206896551724138,0.3050847457627119,0.1956521739130435
183,FER_Daisee_Results/FER_Daisee_Results_Window_7/LSTM_with_return_sequences2_Window_7_Multiclass_Downsampling_128_1e-03,LSTM_with_return_sequences2,7,11,128,0.001,Multiclass,Downsampling,30.6,1.3605188131332395,0.28,0.3763440860215054,0.3,0.031914893617021274,0.3111111111111111,0.6436781609195402,0.35294117647058826,0.1956521739130435
184,FER_Daisee_Results/FER_Daisee_Results_Window_7/LSTM_with_return_sequences3_Window_7_Multiclass_Downsampling_128_1e-03,LSTM_with_return_sequences3,7,6,128,0.001,Multiclass,Downsampling,29.78,1.3758656978607178,0.2558139534883721,0.23655913978494625,0.2903225806451613,0.09574468085106384,0.2916666666666667,0.7241379310344828,0.4545454545454545,0.16304347826086954
185,FER_Daisee_Results/FER_Daisee_Results_Window_7/LSTM_with_return_sequences4_Window_7_Multiclass_Downsampling_128_1e-03,LSTM_with_return_sequences4,7,9,128,0.001,Multiclass,Downsampling,29.78,1.3700155019760132,0.39436619718309857,0.3010752688172043,0.32432432432432434,0.1276595744680851,0.2552301255230125,0.7011494252873564,0.42105263157894735,0.08695652173913042
186,FER_Daisee_Results/FER_Daisee_Results_Window_7/LSTM_with_return_sequences_Window_7_Multiclass_Downsampling_256_1e-03,LSTM_with_return_sequences,7,11,256,0.001,Multiclass,Downsampling,27.6,1.3720715045928955,0.2603550295857988,0.946236559139785,0.0,0.0,0.5,0.011494252873563218,0.4615384615384616,0.13043478260869565
187,FER_Daisee_Results/FER_Daisee_Results_Window_7/Convolutional_Network_Window_7_Multiclass_Downsampling_256_1e-03,Convolutional_Network,7,6,256,0.001,Multiclass,Downsampling,30.05,1.3989062309265137,0.4166666666666667,0.21505376344086025,0.2702702702702703,0.2127659574468085,0.2582417582417583,0.5402298850574713,0.3709677419354839,0.25
188,FER_Daisee_Results/FER_Daisee_Results_Window_7/LSTM_Window_7_Multiclass_Downsampling_256_1e-03,LSTM,7,17,256,0.001,Multiclass,Downsampling,31.69,1.369198203086853,0.3132530120481928,0.27956989247311825,0.2975206611570248,0.3829787234042553,0.33613445378151263,0.4597701149425287,0.32558139534883723,0.15217391304347827
189,FER_Daisee_Results/FER_Daisee_Results_Window_7/LSTM_with_return_sequences2_Window_7_Multiclass_Downsampling_256_1e-03,LSTM_with_return_sequences2,7,13,256,0.001,Multiclass,Downsampling,30.33,1.3633360862731934,0.5555555555555556,0.053763440860215055,0.2842105263157895,0.5744680851063829,0.2857142857142857,0.4597701149425287,0.4444444444444444,0.13043478260869565
190,FER_Daisee_Results/FER_Daisee_Results_Window_7/LSTM_with_return_sequences3_Window_7_Multiclass_Downsampling_256_1e-03,LSTM_with_return_sequences3,7,13,256,0.001,Multiclass,Downsampling,28.96,1.3827069997787476,0.31521739130434784,0.3118279569892473,0.2388059701492537,0.3404255319148936,0.3082706766917293,0.4712643678160919,0.5714285714285714,0.043478260869565216
191,FER_Daisee_Results/FER_Daisee_Results_Window_7/LSTM_with_return_sequences4_Window_7_Multiclass_Downsampling_256_1e-03,LSTM_with_return_sequences4,7,7,256,0.001,Multiclass,Downsampling,30.05,1.3706313371658323,0.35,0.3763440860215054,0.3076923076923077,0.0425531914893617,0.2647058823529412,0.6206896551724138,0.3469387755102041,0.18478260869565216
192,FER_Daisee_Results/FER_Daisee_Results_Window_7/LSTM_with_return_sequences_Window_7_Multiclass_Oversampling_32_1e-03,LSTM_with_return_sequences,7,6,32,0.001,Multiclass,Oversampling,25.26,1.1920930376163594e-07,0.25256126547004343,1.0,0.0,0.0,0.0,0.0,0.0,0.0
193,FER_Daisee_Results/FER_Daisee_Results_Window_7/Convolutional_Network_Window_7_Multiclass_Oversampling_32_1e-03,Convolutional_Network,7,7,32,0.001,Multiclass,Oversampling,25.26,1.3862935304641724,0.25256126547004343,1.0,0.0,0.0,0.0,0.0,0.0,0.0
194,FER_Daisee_Results/FER_Daisee_Results_Window_7/LSTM_Window_7_Multiclass_Oversampling_32_1e-03,LSTM,7,23,32,0.001,Multiclass,Oversampling,66.23,0.8093275427818298,0.9409106126548376,0.9120558169722538,0.7206896551724138,0.7577455504284772,0.4595835884874464,0.4968553459119497,0.5331762146482959,0.4798498939468103
195,FER_Daisee_Results/FER_Daisee_Results_Window_7/LSTM_with_return_sequences2_Window_7_Multiclass_Oversampling_32_1e-03,LSTM_with_return_sequences2,7,6,32,0.001,Multiclass,Oversampling,25.26,1.3862935304641724,0.25256126547004343,1.0,0.0,0.0,0.0,0.0,0.0,0.0
196,FER_Daisee_Results/FER_Daisee_Results_Window_7/LSTM_with_return_sequences3_Window_7_Multiclass_Oversampling_32_1e-03,LSTM_with_return_sequences3,7,30,32,0.001,Multiclass,Oversampling,68.62,0.6180471777915955,0.9206037735849056,0.989615447022554,0.839993755853887,0.8867831245880027,0.4630199630639346,0.8714001986097318,0.0,0.0
197,FER_Daisee_Results/FER_Daisee_Results_Window_7/LSTM_with_return_sequences4_Window_7_Multiclass_Oversampling_32_1e-03,LSTM_with_return_sequences4,7,6,32,0.001,Multiclass,Oversampling,24.87,1.3862935304641724,0.0,0.0,0.2486681419555774,1.0,0.0,0.0,0.0,0.0
198,FER_Daisee_Results/FER_Daisee_Results_Window_7/LSTM_with_return_sequences_Window_7_Multiclass_Oversampling_64_1e-03,LSTM_with_return_sequences,7,7,64,0.001,Multiclass,Oversampling,25.26,1.3862919807434082,0.25256126547004343,1.0,0.0,0.0,0.0,0.0,0.0,0.0
199,FER_Daisee_Results/FER_Daisee_Results_Window_7/Convolutional_Network_Window_7_Multiclass_Oversampling_64_1e-03,Convolutional_Network,7,7,64,0.001,Multiclass,Oversampling,25.26,1.3862918615341189,0.2525819672131148,1.0,1.0,0.0003295978905735003,0.0,0.0,0.0,0.0
200,FER_Daisee_Results/FER_Daisee_Results_Window_7/LSTM_Window_7_Multiclass_Oversampling_64_1e-03,LSTM,7,25,64,0.001,Multiclass,Oversampling,65.98,0.7726815938949585,0.8524731182795698,0.9647898750608472,0.697506157635468,0.746704021094265,0.4785105272315991,0.4551473022178087,0.5543981481481481,0.4689182574645129
201,FER_Daisee_Results/FER_Daisee_Results_Window_7/LSTM_with_return_sequences2_Window_7_Multiclass_Oversampling_64_1e-03,LSTM_with_return_sequences2,7,6,64,0.001,Multiclass,Oversampling,25.26,1.3862919807434082,0.25256126547004343,1.0,0.0,0.0,0.0,0.0,0.0,0.0
202,FER_Daisee_Results/FER_Daisee_Results_Window_7/LSTM_with_return_sequences3_Window_7_Multiclass_Oversampling_64_1e-03,LSTM_with_return_sequences3,7,24,64,0.001,Multiclass,Oversampling,69.43,0.6208758950233461,0.9072925893120756,0.9972416031153659,0.8474020652352073,0.8520105471324984,0.4588014981273408,0.12164846077457794,0.4927959697732998,0.798009463207701
203,FER_Daisee_Results/FER_Daisee_Results_Window_7/LSTM_with_return_sequences4_Window_7_Multiclass_Oversampling_64_1e-03,LSTM_with_return_sequences4,7,20,64,0.001,Multiclass,Oversampling,72.9,0.7216829061508179,0.9425377833753148,0.9714424793120232,0.7683188115983431,0.8864535266974292,0.5611970410221924,0.552466070837471,0.6049794158008234,0.5035079131995431
204,FER_Daisee_Results/FER_Daisee_Results_Window_7/LSTM_with_return_sequences_Window_7_Multiclass_Oversampling_128_1e-03,LSTM_with_return_sequences,7,18,128,0.001,Multiclass,Oversampling,25.27,1.3862924575805664,0.25273733852778346,1.0,0.17647058823529413,0.0004943968358602505,0.0,0.0,0.0,0.0
205,FER_Daisee_Results/FER_Daisee_Results_Window_7/Convolutional_Network_Window_7_Multiclass_Oversampling_128_1e-03,Convolutional_Network,7,9,128,0.001,Multiclass,Oversampling,25.26,1.1920930376163594e-07,0.25256126547004343,1.0,0.0,0.0,0.0,0.0,0.0,0.0
206,FER_Daisee_Results/FER_Daisee_Results_Window_7/LSTM_Window_7_Multiclass_Oversampling_128_1e-03,LSTM,7,38,128,0.001,Multiclass,Oversampling,66.35,0.7817026972770691,0.9038905120713516,0.9537562875223106,0.7090880203368287,0.7354976928147661,0.4664048253612007,0.5503144654088051,0.5638963360142984,0.41181269375101975
207,FER_Daisee_Results/FER_Daisee_Results_Window_7/LSTM_with_return_sequences2_Window_7_Multiclass_Oversampling_128_1e-03,LSTM_with_return_sequences2,7,24,128,0.001,Multiclass,Oversampling,70.95,0.7997623682022095,0.9006386454774988,0.9839363946130132,0.7977353807972701,0.8475609756097561,0.5182016179215929,0.5513075140681893,0.5790571547768043,0.4529286996247349
208,FER_Daisee_Results/FER_Daisee_Results_Window_7/LSTM_with_return_sequences3_Window_7_Multiclass_Oversampling_128_1e-03,LSTM_with_return_sequences3,7,28,128,0.001,Multiclass,Oversampling,69.24,0.6451452970504761,0.8974849242535667,0.9901022229433716,0.8011686913732123,0.8586025049439684,0.4832230907997594,0.6650115855676928,0.562657091561939,0.2556697666829825
209,FER_Daisee_Results/FER_Daisee_Results_Window_7/LSTM_with_return_sequences4_Window_7_Multiclass_Oversampling_128_1e-03,LSTM_with_return_sequences4,7,21,128,0.001,Multiclass,Oversampling,71.66,0.6863283514976501,0.8840642640034737,0.9910757747850072,0.7749887942626624,0.8548121292023731,0.5476583113456465,0.5496524329692155,0.6062077702702703,0.4684287812041116
210,FER_Daisee_Results/FER_Daisee_Results_Window_7/LSTM_with_return_sequences_Window_7_Multiclass_Oversampling_256_1e-03,LSTM_with_return_sequences,7,28,256,0.001,Multiclass,Oversampling,63.42,0.8128971457481384,0.9010282776349614,0.90994645464871,0.7558796718322698,0.6832564271588661,0.4836281520511855,0.2126779212181397,0.4421084097249901,0.7239353891336271
211,FER_Daisee_Results/FER_Daisee_Results_Window_7/Convolutional_Network_Window_7_Multiclass_Oversampling_256_1e-03,Convolutional_Network,7,17,256,0.001,Multiclass,Oversampling,30.73,1.3265286684036257,0.32835374962653124,0.8916112282979068,0.2585464333781965,0.31657877389584704,0.3224299065420561,0.011420059582919565,0.5652173913043478,0.0021210637950726053
212,FER_Daisee_Results/FER_Daisee_Results_Window_7/LSTM_Window_7_Multiclass_Oversampling_256_1e-03,LSTM,7,50,256,0.001,Multiclass,Oversampling,64.36,0.7867241501808167,0.8566700244639517,0.9659256855427552,0.7223816355810617,0.6638101516150297,0.4587777457480542,0.5268123138033763,0.5146790848349868,0.414749551313428
213,FER_Daisee_Results/FER_Daisee_Results_Window_7/LSTM_with_return_sequences2_Window_7_Multiclass_Oversampling_256_1e-03,LSTM_with_return_sequences2,7,26,256,0.001,Multiclass,Oversampling,68.88,0.7810059785842896,0.8733865119651921,0.9771215317215641,0.7275789473684211,0.8543177323665129,0.5342375847735725,0.4041708043694141,0.5439683359146447,0.5157448197095774
214,FER_Daisee_Results/FER_Daisee_Results_Window_7/LSTM_with_return_sequences3_Window_7_Multiclass_Oversampling_256_1e-03,LSTM_with_return_sequences3,7,38,256,0.001,Multiclass,Oversampling,70.24,0.6995161175727844,0.8979381443298969,0.9892909297420088,0.8081658095683341,0.8546473302570864,0.4995366079703429,0.6244620986428335,0.5722130697419,0.3400228422254854
215,FER_Daisee_Results/FER_Daisee_Results_Window_7/LSTM_with_return_sequences4_Window_7_Multiclass_Oversampling_256_1e-03,LSTM_with_return_sequences4,7,24,256,0.001,Multiclass,Oversampling,69.07,0.7208312153816223,0.9225166589183326,0.9659256855427552,0.7570433681544793,0.7882333553065258,0.4948515146992986,0.5488248924197285,0.5685598377281947,0.4573339859683472
216,FER_Daisee_Results/FER_Daisee_Results_Window_9/LSTM_with_return_sequences_Window_9_Multiclass_No_sampling_32_1e-03,LSTM_with_return_sequences,9,10,32,0.001,Multiclass,No_sampling,49.56,0.9119439721107484,0.0,0.0,0.0,0.0,0.4955776296094706,1.0,0.0,0.0
217,FER_Daisee_Results/FER_Daisee_Results_Window_9/Convolutional_Network_Window_9_Multiclass_No_sampling_32_1e-03,Convolutional_Network,9,13,32,0.001,Multiclass,No_sampling,49.56,0.9017178416252136,0.0,0.0,0.0,0.0,0.4955776296094706,1.0,0.0,0.0
218,FER_Daisee_Results/FER_Daisee_Results_Window_9/LSTM_Window_9_Multiclass_No_sampling_32_1e-03,LSTM,9,10,32,0.001,Multiclass,No_sampling,53.35,0.8902274966239929,0.0,0.0,0.0,0.0,0.5357873210633947,0.7193849533223503,0.5290768605124034,0.399079754601227
219,FER_Daisee_Results/FER_Daisee_Results_Window_9/LSTM_with_return_sequences2_Window_9_Multiclass_No_sampling_32_1e-03,LSTM_with_return_sequences2,9,7,32,0.001,Multiclass,No_sampling,49.56,0.9000678062438965,0.0,0.0,0.0,0.0,0.4955776296094706,1.0,0.0,0.0
220,FER_Daisee_Results/FER_Daisee_Results_Window_9/LSTM_with_return_sequences3_Window_9_Multiclass_No_sampling_32_1e-03,LSTM_with_return_sequences3,9,22,32,0.001,Multiclass,No_sampling,49.56,0.8980744481086731,0.0,0.0,0.0,0.0,0.4955776296094706,1.0,0.0,0.0
221,FER_Daisee_Results/FER_Daisee_Results_Window_9/LSTM_with_return_sequences4_Window_9_Multiclass_No_sampling_32_1e-03,LSTM_with_return_sequences4,9,10,32,0.001,Multiclass,No_sampling,49.56,0.9047694206237792,0.0,0.0,0.0,0.0,0.4955776296094706,1.0,0.0,0.0
222,FER_Daisee_Results/FER_Daisee_Results_Window_9/LSTM_with_return_sequences_Window_9_Multiclass_No_sampling_64_1e-03,LSTM_with_return_sequences,9,15,64,0.001,Multiclass,No_sampling,49.56,0.9004141688346863,0.0,0.0,0.0,0.0,0.4955776296094706,1.0,0.0,0.0
223,FER_Daisee_Results/FER_Daisee_Results_Window_9/Convolutional_Network_Window_9_Multiclass_No_sampling_64_1e-03,Convolutional_Network,9,16,64,0.001,Multiclass,No_sampling,49.56,0.9011023044586182,0.0,0.0,0.0,0.0,0.4955776296094706,1.0,0.0,0.0
224,FER_Daisee_Results/FER_Daisee_Results_Window_9/LSTM_Window_9_Multiclass_No_sampling_64_1e-03,LSTM,9,15,64,0.001,Multiclass,No_sampling,52.05,0.8927117586135864,0.0,0.0,0.0,0.0,0.5399352401511063,0.5494233937397035,0.5006862475981334,0.5595092024539877
225,FER_Daisee_Results/FER_Daisee_Results_Window_9/LSTM_with_return_sequences2_Window_9_Multiclass_No_sampling_64_1e-03,LSTM_with_return_sequences2,9,8,64,0.001,Multiclass,No_sampling,49.56,0.899145781993866,0.0,0.0,0.0,0.0,0.4955776296094706,1.0,0.0,0.0
226,FER_Daisee_Results/FER_Daisee_Results_Window_9/LSTM_with_return_sequences3_Window_9_Multiclass_No_sampling_64_1e-03,LSTM_with_return_sequences3,9,18,64,0.001,Multiclass,No_sampling,49.56,0.9014697670936584,0.0,0.0,0.0,0.0,0.4955776296094706,1.0,0.0,0.0
227,FER_Daisee_Results/FER_Daisee_Results_Window_9/LSTM_with_return_sequences4_Window_9_Multiclass_No_sampling_64_1e-03,LSTM_with_return_sequences4,9,9,64,0.001,Multiclass,No_sampling,51.46,0.8995854258537292,0.0,0.0,0.0,0.0,0.5415263748597082,0.5299286106534871,0.4892998678996037,0.5680981595092025
228,FER_Daisee_Results/FER_Daisee_Results_Window_9/LSTM_with_return_sequences_Window_9_Multiclass_No_sampling_128_1e-03,LSTM_with_return_sequences,9,12,128,0.001,Multiclass,No_sampling,49.56,0.8993524312973022,0.0,0.0,0.0,0.0,0.4955776296094706,1.0,0.0,0.0
229,FER_Daisee_Results/FER_Daisee_Results_Window_9/Convolutional_Network_Window_9_Multiclass_No_sampling_128_1e-03,Convolutional_Network,9,14,128,0.001,Multiclass,No_sampling,49.56,0.9161964654922484,0.0,0.0,0.0,0.0,0.4957090314671026,0.999176276771005,0.375,0.000920245398773006
230,FER_Daisee_Results/FER_Daisee_Results_Window_9/LSTM_Window_9_Multiclass_No_sampling_128_1e-03,LSTM,9,10,128,0.001,Multiclass,No_sampling,52.37,0.8944005966186523,0.0,0.0,0.0,0.0,0.5166009204470743,0.8629873695771554,0.5581027667984189,0.2165644171779141
231,FER_Daisee_Results/FER_Daisee_Results_Window_9/LSTM_with_return_sequences2_Window_9_Multiclass_No_sampling_128_1e-03,LSTM_with_return_sequences2,9,6,128,0.001,Multiclass,No_sampling,52.06,0.901650846004486,0.0,0.0,0.0,0.0,0.5131028066366878,0.9085667215815486,0.5744444444444444,0.15858895705521472
232,FER_Daisee_Results/FER_Daisee_Results_Window_9/LSTM_with_return_sequences3_Window_9_Multiclass_No_sampling_128_1e-03,LSTM_with_return_sequences3,9,7,128,0.001,Multiclass,No_sampling,51.22,0.902909815311432,0.0,0.0,0.0,0.0,0.5051575931232092,0.9681493684788578,0.6449864498644986,0.07300613496932515
233,FER_Daisee_Results/FER_Daisee_Results_Window_9/LSTM_with_return_sequences4_Window_9_Multiclass_No_sampling_128_1e-03,LSTM_with_return_sequences4,9,10,128,0.001,Multiclass,No_sampling,53.08,0.8993909955024719,0.0,0.0,0.0,0.0,0.5259391771019678,0.8072487644151565,0.5463331438317226,0.29478527607361965
234,FER_Daisee_Results/FER_Daisee_Results_Window_9/LSTM_with_return_sequences_Window_9_Multiclass_No_sampling_256_1e-03,LSTM_with_return_sequences,9,8,256,0.001,Multiclass,No_sampling,52.71,0.9016689658164978,0.0,0.0,0.0,0.0,0.5274536062751101,0.757001647446458,0.5263901979264844,0.3426380368098161
235,FER_Daisee_Results/FER_Daisee_Results_Window_9/Convolutional_Network_Window_9_Multiclass_No_sampling_256_1e-03,Convolutional_Network,9,8,256,0.001,Multiclass,No_sampling,52.03,0.9049456119537354,0.0,0.0,0.0,0.0,0.5131392604248624,0.8953871499176277,0.5663983903420523,0.1726993865030675
236,FER_Daisee_Results/FER_Daisee_Results_Window_9/LSTM_Window_9_Multiclass_No_sampling_256_1e-03,LSTM,9,18,256,0.001,Multiclass,No_sampling,53.03,0.8896949291229248,0.0,0.0,0.0,0.0,0.5291618385477018,0.7523338824821527,0.5329341317365269,0.3549079754601227
237,FER_Daisee_Results/FER_Daisee_Results_Window_9/LSTM_with_return_sequences2_Window_9_Multiclass_No_sampling_256_1e-03,LSTM_with_return_sequences2,9,6,256,0.001,Multiclass,No_sampling,49.78,0.9000332355499268,0.0,0.0,0.0,0.0,0.4974747474747474,0.9736408566721582,0.5067873303167421,0.0343558282208589
238,FER_Daisee_Results/FER_Daisee_Results_Window_9/LSTM_with_return_sequences3_Window_9_Multiclass_No_sampling_256_1e-03,LSTM_with_return_sequences3,9,10,256,0.001,Multiclass,No_sampling,49.56,0.9009581804275512,0.0,0.0,0.0,0.0,0.4955776296094706,1.0,0.0,0.0
239,FER_Daisee_Results/FER_Daisee_Results_Window_9/LSTM_with_return_sequences4_Window_9_Multiclass_No_sampling_256_1e-03,LSTM_with_return_sequences4,9,15,256,0.001,Multiclass,No_sampling,52.92,0.8924797177314758,0.0,0.0,0.0,0.0,0.5260273972602739,0.7907742998352554,0.5384204909284952,0.3095092024539877
240,FER_Daisee_Results/FER_Daisee_Results_Window_9/LSTM_with_return_sequences_Window_9_Multiclass_Downsampling_32_1e-03,LSTM_with_return_sequences,9,17,32,0.001,Multiclass,Downsampling,25.45,1.3931480646133425,0.2552083333333333,0.9074074074074074,0.3333333333333333,0.0425531914893617,0.0,0.0,0.2272727272727273,0.08196721311475409
241,FER_Daisee_Results/FER_Daisee_Results_Window_9/Convolutional_Network_Window_9_Multiclass_Downsampling_32_1e-03,Convolutional_Network,9,7,32,0.001,Multiclass,Downsampling,26.82,2.055973052978516,0.3076923076923077,0.3703703703703704,0.1896551724137931,0.2340425531914893,0.27710843373493976,0.3965517241379311,0.35714285714285715,0.08196721311475409
242,FER_Daisee_Results/FER_Daisee_Results_Window_9/LSTM_Window_9_Multiclass_Downsampling_32_1e-03,LSTM,9,6,32,0.001,Multiclass,Downsampling,30.0,1.389103651046753,0.28846153846153844,0.2777777777777778,0.375,0.1276595744680851,0.2740740740740741,0.6379310344827587,0.4705882352941176,0.13114754098360654
243,FER_Daisee_Results/FER_Daisee_Results_Window_9/LSTM_with_return_sequences2_Window_9_Multiclass_Downsampling_32_1e-03,LSTM_with_return_sequences2,9,11,32,0.001,Multiclass,Downsampling,24.55,1.3862943649291992,0.24545454545454545,1.0,0.0,0.0,0.0,0.0,0.0,0.0
244,FER_Daisee_Results/FER_Daisee_Results_Window_9/LSTM_with_return_sequences3_Window_9_Multiclass_Downsampling_32_1e-03,LSTM_with_return_sequences3,9,8,32,0.001,Multiclass,Downsampling,28.64,1.388455152511597,0.2898550724637681,0.3703703703703704,0.2,0.0425531914893617,0.2983870967741936,0.6379310344827587,0.2352941176470588,0.06557377049180327
245,FER_Daisee_Results/FER_Daisee_Results_Window_9/LSTM_with_return_sequences4_Window_9_Multiclass_Downsampling_32_1e-03,LSTM_with_return_sequences4,9,8,32,0.001,Multiclass,Downsampling,24.55,1.386294960975647,0.24545454545454545,1.0,0.0,0.0,0.0,0.0,0.0,0.0
246,FER_Daisee_Results/FER_Daisee_Results_Window_9/LSTM_with_return_sequences_Window_9_Multiclass_Downsampling_64_1e-03,LSTM_with_return_sequences,9,6,64,0.001,Multiclass,Downsampling,26.36,1.3980915546417236,0.2933333333333333,0.8148148148148148,0.18333333333333326,0.2340425531914893,0.0,0.0,0.3,0.04918032786885247
247,FER_Daisee_Results/FER_Daisee_Results_Window_9/Convolutional_Network_Window_9_Multiclass_Downsampling_64_1e-03,Convolutional_Network,9,6,64,0.001,Multiclass,Downsampling,27.27,1.646419644355774,0.38461538461538464,0.0925925925925926,0.2348484848484849,0.6595744680851063,0.3181818181818182,0.2413793103448276,0.3225806451612903,0.16393442622950818
248,FER_Daisee_Results/FER_Daisee_Results_Window_9/LSTM_Window_9_Multiclass_Downsampling_64_1e-03,LSTM,9,7,64,0.001,Multiclass,Downsampling,28.64,1.386439561843872,0.2619047619047619,0.2037037037037037,0.42857142857142855,0.06382978723404255,0.2692307692307692,0.7241379310344828,0.4666666666666667,0.11475409836065575
249,FER_Daisee_Results/FER_Daisee_Results_Window_9/LSTM_with_return_sequences2_Window_9_Multiclass_Downsampling_64_1e-03,LSTM_with_return_sequences2,9,9,64,0.001,Multiclass,Downsampling,27.73,1.3682483434677124,0.4666666666666667,0.12962962962962962,0.2376237623762376,0.5106382978723404,0.2530120481927711,0.3620689655172414,0.42857142857142855,0.14754098360655735
250,FER_Daisee_Results/FER_Daisee_Results_Window_9/LSTM_with_return_sequences3_Window_9_Multiclass_Downsampling_64_1e-03,LSTM_with_return_sequences3,9,9,64,0.001,Multiclass,Downsampling,32.27,1.3792095184326172,0.3333333333333333,0.3703703703703704,0.3333333333333333,0.14893617021276595,0.3043478260869565,0.3620689655172414,0.32857142857142857,0.3770491803278688
251,FER_Daisee_Results/FER_Daisee_Results_Window_9/LSTM_with_return_sequences4_Window_9_Multiclass_Downsampling_64_1e-03,LSTM_with_return_sequences4,9,8,64,0.001,Multiclass,Downsampling,29.55,1.3819659948349,0.3181818181818182,0.3888888888888889,0.25,0.0425531914893617,0.2867647058823529,0.6724137931034483,0.3,0.04918032786885247
252,FER_Daisee_Results/FER_Daisee_Results_Window_9/LSTM_with_return_sequences_Window_9_Multiclass_Downsampling_128_1e-03,LSTM_with_return_sequences,9,9,128,0.001,Multiclass,Downsampling,31.82,1.3890838623046875,0.3205128205128205,0.46296296296296297,0.5,0.02127659574468085,0.2982456140350877,0.5862068965517241,0.38461538461538464,0.16393442622950818
253,FER_Daisee_Results/FER_Daisee_Results_Window_9/Convolutional_Network_Window_9_Multiclass_Downsampling_128_1e-03,Convolutional_Network,9,6,128,0.001,Multiclass,Downsampling,27.73,1.5287207365036009,0.4545454545454545,0.0925925925925926,0.24390243902439024,0.425531914893617,0.2777777777777778,0.4310344827586207,0.2972972972972973,0.18032786885245905
254,FER_Daisee_Results/FER_Daisee_Results_Window_9/LSTM_Window_9_Multiclass_Downsampling_128_1e-03,LSTM,9,6,128,0.001,Multiclass,Downsampling,29.55,1.389021396636963,0.2753623188405797,0.35185185185185186,0.375,0.1276595744680851,0.2903225806451613,0.6206896551724138,0.3636363636363637,0.06557377049180327
255,FER_Daisee_Results/FER_Daisee_Results_Window_9/LSTM_with_return_sequences2_Window_9_Multiclass_Downsampling_128_1e-03,LSTM_with_return_sequences2,9,6,128,0.001,Multiclass,Downsampling,29.55,1.3873918056488037,0.2868852459016393,0.6481481481481481,0.0,0.0,0.30337078651685395,0.4655172413793103,0.3333333333333333,0.04918032786885247
256,FER_Daisee_Results/FER_Daisee_Results_Window_9/LSTM_with_return_sequences3_Window_9_Multiclass_Downsampling_128_1e-03,LSTM_with_return_sequences3,9,14,128,0.001,Multiclass,Downsampling,29.55,1.3955601453781128,0.26666666666666666,0.2962962962962963,1.0,0.02127659574468085,0.2753623188405797,0.6551724137931034,0.4761904761904762,0.16393442622950818
257,FER_Daisee_Results/FER_Daisee_Results_Window_9/LSTM_with_return_sequences4_Window_9_Multiclass_Downsampling_128_1e-03,LSTM_with_return_sequences4,9,11,128,0.001,Multiclass,Downsampling,33.64,1.3528980016708374,0.5,0.2407407407407408,0.4,0.0425531914893617,0.2909090909090909,0.8275862068965517,0.4583333333333333,0.18032786885245905
258,FER_Daisee_Results/FER_Daisee_Results_Window_9/LSTM_with_return_sequences_Window_9_Multiclass_Downsampling_256_1e-03,LSTM_with_return_sequences,9,12,256,0.001,Multiclass,Downsampling,32.27,1.4042891263961792,0.3508771929824561,0.3703703703703704,0.16666666666666666,0.02127659574468085,0.2818181818181818,0.5344827586206896,0.40425531914893614,0.3114754098360656
259,FER_Daisee_Results/FER_Daisee_Results_Window_9/Convolutional_Network_Window_9_Multiclass_Downsampling_256_1e-03,Convolutional_Network,9,6,256,0.001,Multiclass,Downsampling,30.0,1.50467848777771,0.3541666666666667,0.3148148148148148,0.16129032258064516,0.10638297872340426,0.3173076923076923,0.5689655172413793,0.2972972972972973,0.18032786885245905
260,FER_Daisee_Results/FER_Daisee_Results_Window_9/LSTM_Window_9_Multiclass_Downsampling_256_1e-03,LSTM,9,6,256,0.001,Multiclass,Downsampling,28.64,1.3888818025588991,0.3055555555555556,0.2037037037037037,0.27380952380952384,0.4893617021276596,0.29347826086956524,0.4655172413793103,0.25,0.032786885245901634
261,FER_Daisee_Results/FER_Daisee_Results_Window_9/LSTM_with_return_sequences2_Window_9_Multiclass_Downsampling_256_1e-03,LSTM_with_return_sequences2,9,13,256,0.001,Multiclass,Downsampling,27.27,1.4124162197113037,0.25,0.6851851851851852,0.0,0.0,0.1875,0.05172413793103448,0.35714285714285715,0.3278688524590164
262,FER_Daisee_Results/FER_Daisee_Results_Window_9/LSTM_with_return_sequences3_Window_9_Multiclass_Downsampling_256_1e-03,LSTM_with_return_sequences3,9,7,256,0.001,Multiclass,Downsampling,22.73,1.3955416679382324,0.07692307692307693,0.018518518518518517,0.1875,0.3829787234042553,0.21428571428571427,0.25862068965517243,0.3902439024390244,0.26229508196721313
263,FER_Daisee_Results/FER_Daisee_Results_Window_9/LSTM_with_return_sequences4_Window_9_Multiclass_Downsampling_256_1e-03,LSTM_with_return_sequences4,9,6,256,0.001,Multiclass,Downsampling,25.45,1.4071712493896484,0.2909090909090909,0.2962962962962963,0.206896551724138,0.1276595744680851,0.25,0.5517241379310345,0.25,0.032786885245901634
264,FER_Daisee_Results/FER_Daisee_Results_Window_9/LSTM_with_return_sequences_Window_9_Multiclass_Oversampling_32_1e-03,LSTM_with_return_sequences,9,7,32,0.001,Multiclass,Oversampling,24.87,1.3862918615341189,0.2486682147247644,1.0,0.0,0.0,0.0,0.0,0.0,0.0
265,FER_Daisee_Results/FER_Daisee_Results_Window_9/Convolutional_Network_Window_9_Multiclass_Oversampling_32_1e-03,Convolutional_Network,9,6,32,0.001,Multiclass,Oversampling,24.87,1.3862918615341189,0.2486682147247644,1.0,0.0,0.0,0.0,0.0,0.0,0.0
266,FER_Daisee_Results/FER_Daisee_Results_Window_9/LSTM_Window_9_Multiclass_Oversampling_32_1e-03,LSTM,9,28,32,0.001,Multiclass,Oversampling,71.13,0.7387457489967346,0.9520894330582912,0.9824224114254324,0.8065987124463521,0.8149051490514905,0.5119933829611248,0.5155469183786785,0.5592067988668555,0.5322189269344837
267,FER_Daisee_Results/FER_Daisee_Results_Window_9/LSTM_with_return_sequences2_Window_9_Multiclass_Oversampling_32_1e-03,LSTM_with_return_sequences2,9,6,32,0.001,Multiclass,Oversampling,24.87,1.3862918615341189,0.2486682147247644,1.0,0.0,0.0,0.0,0.0,0.0,0.0
268,FER_Daisee_Results/FER_Daisee_Results_Window_9/LSTM_with_return_sequences3_Window_9_Multiclass_Oversampling_32_1e-03,LSTM_with_return_sequences3,9,22,32,0.001,Multiclass,Oversampling,69.19,0.5870223045349121,0.9651941097724228,0.9901126064268059,0.8149653358833373,0.9238482384823848,0.4636904761904762,0.8650749583564686,0.25,0.00026961445133459155
269,FER_Daisee_Results/FER_Daisee_Results_Window_9/LSTM_with_return_sequences4_Window_9_Multiclass_Oversampling_32_1e-03,LSTM_with_return_sequences4,9,6,32,0.001,Multiclass,Oversampling,24.87,1.386292576789856,0.2486682147247644,1.0,0.0,0.0,0.0,0.0,0.0,0.0
270,FER_Daisee_Results/FER_Daisee_Results_Window_9/LSTM_with_return_sequences_Window_9_Multiclass_Oversampling_64_1e-03,LSTM_with_return_sequences,9,28,64,0.001,Multiclass,Oversampling,70.91,0.7064875364303589,0.91670873296315,0.9975281516067016,0.8808383233532934,0.797289972899729,0.523109243697479,0.3456413103831205,0.5167338709677419,0.6910218387705581
271,FER_Daisee_Results/FER_Daisee_Results_Window_9/Convolutional_Network_Window_9_Multiclass_Oversampling_64_1e-03,Convolutional_Network,9,6,64,0.001,Multiclass,Oversampling,24.87,1.3862923383712769,0.2486682147247644,1.0,0.0,0.0,0.0,0.0,0.0,0.0
272,FER_Daisee_Results/FER_Daisee_Results_Window_9/LSTM_Window_9_Multiclass_Oversampling_64_1e-03,LSTM,9,33,64,0.001,Multiclass,Oversampling,70.84,0.7138916850090027,0.949537648612946,0.987091458390552,0.8068870523415977,0.7937669376693767,0.5188225304273988,0.5088839533592449,0.5457498646453709,0.5435427338905365
273,FER_Daisee_Results/FER_Daisee_Results_Window_9/LSTM_with_return_sequences2_Window_9_Multiclass_Oversampling_64_1e-03,LSTM_with_return_sequences2,9,6,64,0.001,Multiclass,Oversampling,24.87,1.3862923383712769,0.2486682147247644,1.0,0.0,0.0,0.0,0.0,0.0,0.0
274,FER_Daisee_Results/FER_Daisee_Results_Window_9/LSTM_with_return_sequences3_Window_9_Multiclass_Oversampling_64_1e-03,LSTM_with_return_sequences3,9,24,64,0.001,Multiclass,Oversampling,69.08,0.5925530791282654,0.9721169463995668,0.9862675089261193,0.7963747645951036,0.9168021680216802,0.4666565855133827,0.8567462520821766,0.632183908045977,0.014828794823402538
275,FER_Daisee_Results/FER_Daisee_Results_Window_9/LSTM_with_return_sequences4_Window_9_Multiclass_Oversampling_64_1e-03,LSTM_with_return_sequences4,9,19,64,0.001,Multiclass,Oversampling,74.98,0.6374213099479675,0.9631607047517352,0.9909365558912386,0.8395342951151608,0.8989159891598916,0.5716728412653177,0.5569128262076624,0.5960419091967404,0.5521703963332435
276,FER_Daisee_Results/FER_Daisee_Results_Window_9/LSTM_with_return_sequences_Window_9_Multiclass_Oversampling_128_1e-03,LSTM_with_return_sequences,9,30,128,0.001,Multiclass,Oversampling,71.59,0.6870328187942505,0.9668820678513732,0.9862675089261193,0.7907262021589794,0.8734417344173442,0.5234375,0.539422543031649,0.5493630573248408,0.4650849285521704
277,FER_Daisee_Results/FER_Daisee_Results_Window_9/Convolutional_Network_Window_9_Multiclass_Oversampling_128_1e-03,Convolutional_Network,9,32,128,0.001,Multiclass,Oversampling,56.73,0.8653313517570496,0.933585313174946,0.9497390826695964,0.5503004964724327,0.5707317073170731,0.3729172176672838,0.3914491948917268,0.4003003003003003,0.3593960636290105
278,FER_Daisee_Results/FER_Daisee_Results_Window_9/LSTM_Window_9_Multiclass_Oversampling_128_1e-03,LSTM,9,41,128,0.001,Multiclass,Oversampling,69.81,0.7557582259178162,0.9072814310909548,0.9890140071408954,0.7401613297482278,0.8205962059620596,0.5138190954773869,0.5677401443642421,0.5945426594926979,0.4170935562146131
279,FER_Daisee_Results/FER_Daisee_Results_Window_9/LSTM_with_return_sequences2_Window_9_Multiclass_Oversampling_128_1e-03,LSTM_with_return_sequences2,9,24,128,0.001,Multiclass,Oversampling,73.67,0.6445766091346741,0.9634471718249732,0.9917605053556716,0.8074372335386073,0.9238482384823848,0.5454012888107791,0.5169350360910605,0.5847145488029466,0.5136155297923969
280,FER_Daisee_Results/FER_Daisee_Results_Window_9/LSTM_with_return_sequences3_Window_9_Multiclass_Oversampling_128_1e-03,LSTM_with_return_sequences3,9,26,128,0.001,Multiclass,Oversampling,70.09,0.634719729423523,0.9430957974419212,0.9923098049986268,0.7880935506732814,0.9040650406504064,0.478296256104178,0.4894503053858967,0.5363070539419087,0.41817201401995147
281,FER_Daisee_Results/FER_Daisee_Results_Window_9/LSTM_with_return_sequences4_Window_9_Multiclass_Oversampling_128_1e-03,LSTM_with_return_sequences4,9,23,128,0.001,Multiclass,Oversampling,75.13,0.6463059782981873,0.9587546567323044,0.9895633067838506,0.8131521475370056,0.908130081300813,0.5846385542168675,0.5388672959466962,0.6116758640720302,0.5678080345106498
282,FER_Daisee_Results/FER_Daisee_Results_Window_9/LSTM_with_return_sequences_Window_9_Multiclass_Oversampling_256_1e-03,LSTM_with_return_sequences,9,33,256,0.001,Multiclass,Oversampling,70.26,0.7042196393013,0.934145709100337,0.9895633067838506,0.75840233804189,0.8439024390243902,0.5113259668508288,0.5138811771238201,0.5619483491337038,0.4634672418441628
283,FER_Daisee_Results/FER_Daisee_Results_Window_9/Convolutional_Network_Window_9_Multiclass_Oversampling_256_1e-03,Convolutional_Network,9,22,256,0.001,Multiclass,Oversampling,57.63,0.8983685374259949,0.8595775324051849,0.983521010711343,0.5570943297622158,0.5777777777777777,0.3941176470588235,0.35341476957245976,0.4246855805791167,0.3914801833378269
284,FER_Daisee_Results/FER_Daisee_Results_Window_9/LSTM_Window_9_Multiclass_Oversampling_256_1e-03,LSTM,9,44,256,0.001,Multiclass,Oversampling,68.07,0.7347066402435303,0.9178117708063259,0.9722603680307608,0.7325611325611325,0.7712737127371274,0.4914169333721268,0.468906163242643,0.5463470978920012,0.5101105419250472
285,FER_Daisee_Results/FER_Daisee_Results_Window_9/LSTM_with_return_sequences2_Window_9_Multiclass_Oversampling_256_1e-03,LSTM_with_return_sequences2,9,28,256,0.001,Multiclass,Oversampling,72.33,0.6444358825683594,0.9337116327057002,0.99423235374897,0.7777260018639329,0.9046070460704608,0.5651658767772512,0.3972792892837312,0.5584876934788124,0.593421407387436
286,FER_Daisee_Results/FER_Daisee_Results_Window_9/LSTM_with_return_sequences3_Window_9_Multiclass_Oversampling_256_1e-03,LSTM_with_return_sequences3,9,29,256,0.001,Multiclass,Oversampling,69.27,0.6154013276100159,0.9239601939270222,0.9945070035704476,0.8280970625798212,0.8785907859078591,0.470961746941304,0.8442531926707385,0.6780626780626781,0.06416823941763279
287,FER_Daisee_Results/FER_Daisee_Results_Window_9/LSTM_with_return_sequences4_Window_9_Multiclass_Oversampling_256_1e-03,LSTM_with_return_sequences4,9,27,256,0.001,Multiclass,Oversampling,73.89,0.6555230617523193,0.9626766195681152,0.9917605053556716,0.7910128388017118,0.9016260162601626,0.5618819298771351,0.5205441421432537,0.5991636798088411,0.5408465893771907
